Trafikkregistreringspunkt;Navn;Vegreferanse;Fra;Til;År;Måned;Trafikkmengde;Konfidensintervall start;Konfidensintervall slutt;Dekningsgrad (%);Antall døgn total;Antall døgn inkludert;Antall døgn ugyldig;Ikke gyldig lengde;Lengdekvalitetsgrad (%);Felt;< 5,6m;>= 5,6m;5,6m - 7,6m;7,6m - 12,5m;12,5m - 16,0m;>= 16,0m;16,0m - 24,0m;>= 24,0m
01011B1109432;UIT/Planetariet Sykkel;KV12650 S2D1 m22;2022-01-01T00:00+01:00;2022-02-01T00:00+01:00;2022;1;4;3;5;100,0;31;31;0;4;0,0;1;-;-;-;-;-;-;-;-
01011B1109432;UIT/Planetariet Sykkel;KV12650 S2D1 m22;2022-01-01T00:00+01:00;2022-02-01T00:00+01:00;2022;1;6;4;8;100,0;31;31;0;6;0,0;2;-;-;-;-;-;-;-;-
01011B1109432;UIT/Planetariet Sykkel;KV12650 S2D1 m22;2022-01-01T00:00+01:00;2022-02-01T00:00+01:00;2022;1;6;4;8;100,0;31;31;0;6;0,0;Totalt i retning Planetariet/UIT;-;-;-;-;-;-;-;-
01011B1109432;UIT/Planetariet Sykkel;KV12650 S2D1 m22;2022-01-01T00:00+01:00;2022-02-01T00:00+01:00;2022;1;4;3;5;100,0;31;31;0;4;0,0;Totalt i retning UNN;-;-;-;-;-;-;-;-
01011B1109432;UIT/Planetariet Sykkel;KV12650 S2D1 m22;2022-01-01T00:00+01:00;2022-02-01T00:00+01:00;2022;1;10;7;13;100,0;31;31;0;10;0,0;Totalt;-;-;-;-;-;-;-;-
01011B1109432;UIT/Planetariet Sykkel;KV12650 S2D1 m22;2022-02-01T00:00+01:00;2022-03-01T00:00+01:00;2022;2;8;5;11;100,0;28;28;0;8;0,0;1;-;-;-;-;-;-;-;-
01011B1109432;UIT/Planetariet Sykkel;KV12650 S2D1 m22;2022-02-01T00:00+01:00;2022-03-01T00:00+01:00;2022;2;11;9;13;100,0;28;28;0;11;0,0;2;-;-;-;-;-;-;-;-
01011B1109432;UIT/Planetariet Sykkel;KV12650 S2D1 m22;2022-02-01T00:00+01:00;2022-03-01T00:00+01:00;2022;2;11;9;13;100,0;28;28;0;11;0,0;Totalt i retning Planetariet/UIT;-;-;-;-;-;-;-;-
01011B1109432;UIT/Planetariet Sykkel;KV12650 S2D1 m22;2022-02-01T00:00+01:00;2022-03-01T00:00+01:00;2022;2;8;5;11;100,0;28;28;0;8;0,0;Totalt i retning UNN;-;-;-;-;-;-;-;-
01011B1109432;UIT/Planetariet Sykkel;KV12650 S2D1 m22;2022-02-01T00:00+01:00;2022-03-01T00:00+01:00;2022;2;19;14;24;100,0;28;28;0;19;0,0;Totalt;-;-;-;-;-;-;-;-
01011B1109432;UIT/Planetariet Sykkel;KV12650 S2D1 m22;2022-03-01T00:00+01:00;2022-04-01T00:00+02:00;2022;3;11;8;14;100,0;31;31;0;11;0,0;1;-;-;-;-;-;-;-;-
01011B1109432;UIT/Planetariet Sykkel;KV12650 S2D1 m22;2022-03-01T00:00+01:00;2022-04-01T00:00+02:00;2022;3;14;10;18;100,0;31;31;0;14;0,0;2;-;-;-;-;-;-;-;-
01011B1109432;UIT/Planetariet Sykkel;KV12650 S2D1 m22;2022-03-01T00:00+01:00;2022-04-01T00:00+02:00;2022;3;14;10;18;100,0;31;31;0;14;0,0;Totalt i retning Planetariet/UIT;-;-;-;-;-;-;-;-
01011B1109432;UIT/Planetariet Sykkel;KV12650 S2D1 m22;2022-03-01T00:00+01:00;2022-04-01T00:00+02:00;2022;3;11;8;14;100,0;31;31;0;11;0,0;Totalt i retning UNN;-;-;-;-;-;-;-;-
01011B1109432;UIT/Planetariet Sykkel;KV12650 S2D1 m22;2022-03-01T00:00+01:00;2022-04-01T00:00+02:00;2022;3;25;19;31;100,0;31;31;0;25;0,0;Totalt;-;-;-;-;-;-;-;-
01011B1109432;UIT/Planetariet Sykkel;KV12650 S2D1 m22;2022-04-01T00:00+02:00;2022-05-01T00:00+02:00;2022;4;8;5;11;100,0;30;30;0;8;0,0;1;-;-;-;-;-;-;-;-
01011B1109432;UIT/Planetariet Sykkel;KV12650 S2D1 m22;2022-04-01T00:00+02:00;2022-05-01T00:00+02:00;2022;4;14;10;18;100,0;30;30;0;14;0,0;2;-;-;-;-;-;-;-;-
01011B1109432;UIT/Planetariet Sykkel;KV12650 S2D1 m22;2022-04-01T00:00+02:00;2022-05-01T00:00+02:00;2022;4;14;10;18;100,0;30;30;0;14;0,0;Totalt i retning Planetariet/UIT;-;-;-;-;-;-;-;-
01011B1109432;UIT/Planetariet Sykkel;KV12650 S2D1 m22;2022-04-01T00:00+02:00;2022-05-01T00:00+02:00;2022;4;8;5;11;100,0;30;30;0;8;0,0;Totalt i retning UNN;-;-;-;-;-;-;-;-
01011B1109432;UIT/Planetariet Sykkel;KV12650 S2D1 m22;2022-04-01T00:00+02:00;2022-05-01T00:00+02:00;2022;4;22;15;29;100,0;30;30;0;22;0,0;Totalt;-;-;-;-;-;-;-;-
01011B1109432;UIT/Planetariet Sykkel;KV12650 S2D1 m22;2022-05-01T00:00+02:00;2022-06-01T00:00+02:00;2022;5;14;10;18;100,0;31;31;0;14;0,0;1;-;-;-;-;-;-;-;-
01011B1109432;UIT/Planetariet Sykkel;KV12650 S2D1 m22;2022-05-01T00:00+02:00;2022-06-01T00:00+02:00;2022;5;24;20;28;100,0;31;31;0;24;0,0;2;-;-;-;-;-;-;-;-
01011B1109432;UIT/Planetariet Sykkel;KV12650 S2D1 m22;2022-05-01T00:00+02:00;2022-06-01T00:00+02:00;2022;5;24;20;28;100,0;31;31;0;24;0,0;Totalt i retning Planetariet/UIT;-;-;-;-;-;-;-;-
01011B1109432;UIT/Planetariet Sykkel;KV12650 S2D1 m22;2022-05-01T00:00+02:00;2022-06-01T00:00+02:00;2022;5;14;10;18;100,0;31;31;0;14;0,0;Totalt i retning UNN;-;-;-;-;-;-;-;-
01011B1109432;UIT/Planetariet Sykkel;KV12650 S2D1 m22;2022-05-01T00:00+02:00;2022-06-01T00:00+02:00;2022;5;38;30;46;100,0;31;31;0;38;0,0;Totalt;-;-;-;-;-;-;-;-
01011B1109432;UIT/Planetariet Sykkel;KV12650 S2D1 m22;2022-06-01T00:00+02:00;2022-07-01T00:00+02:00;2022;6;27;20;34;100,0;30;30;0;27;0,0;1;-;-;-;-;-;-;-;-
01011B1109432;UIT/Planetariet Sykkel;KV12650 S2D1 m22;2022-06-01T00:00+02:00;2022-07-01T00:00+02:00;2022;6;25;21;29;100,0;30;30;0;25;0,0;2;-;-;-;-;-;-;-;-
01011B1109432;UIT/Planetariet Sykkel;KV12650 S2D1 m22;2022-06-01T00:00+02:00;2022-07-01T00:00+02:00;2022;6;25;21;29;100,0;30;30;0;25;0,0;Totalt i retning Planetariet/UIT;-;-;-;-;-;-;-;-
01011B1109432;UIT/Planetariet Sykkel;KV12650 S2D1 m22;2022-06-01T00:00+02:00;2022-07-01T00:00+02:00;2022;6;27;20;34;100,0;30;30;0;27;0,0;Totalt i retning UNN;-;-;-;-;-;-;-;-
01011B1109432;UIT/Planetariet Sykkel;KV12650 S2D1 m22;2022-06-01T00:00+02:00;2022-07-01T00:00+02:00;2022;6;52;42;62;100,0;30;30;0;52;0,0;Totalt;-;-;-;-;-;-;-;-
01011B1109432;UIT/Planetariet Sykkel;KV12650 S2D1 m22;2022-07-01T00:00+02:00;2022-08-01T00:00+02:00;2022;7;9;7;11;100,0;31;31;0;9;0,0;1;-;-;-;-;-;-;-;-
01011B1109432;UIT/Planetariet Sykkel;KV12650 S2D1 m22;2022-07-01T00:00+02:00;2022-08-01T00:00+02:00;2022;7;14;12;16;100,0;31;31;0;14;0,0;2;-;-;-;-;-;-;-;-
01011B1109432;UIT/Planetariet Sykkel;KV12650 S2D1 m22;2022-07-01T00:00+02:00;2022-08-01T00:00+02:00;2022;7;14;12;16;100,0;31;31;0;14;0,0;Totalt i retning Planetariet/UIT;-;-;-;-;-;-;-;-
01011B1109432;UIT/Planetariet Sykkel;KV12650 S2D1 m22;2022-07-01T00:00+02:00;2022-08-01T00:00+02:00;2022;7;9;7;11;100,0;31;31;0;9;0,0;Totalt i retning UNN;-;-;-;-;-;-;-;-
01011B1109432;UIT/Planetariet Sykkel;KV12650 S2D1 m22;2022-07-01T00:00+02:00;2022-08-01T00:00+02:00;2022;7;23;19;27;100,0;31;31;0;23;0,0;Totalt;-;-;-;-;-;-;-;-
01011B1109432;UIT/Planetariet Sykkel;KV12650 S2D1 m22;2022-08-01T00:00+02:00;2022-09-01T00:00+02:00;2022;8;26;19;33;100,0;31;31;0;26;0,0;1;-;-;-;-;-;-;-;-
01011B1109432;UIT/Planetariet Sykkel;KV12650 S2D1 m22;2022-08-01T00:00+02:00;2022-09-01T00:00+02:00;2022;8;28;22;34;100,0;31;31;0;28;0,0;2;-;-;-;-;-;-;-;-
01011B1109432;UIT/Planetariet Sykkel;KV12650 S2D1 m22;2022-08-01T00:00+02:00;2022-09-01T00:00+02:00;2022;8;28;22;34;100,0;31;31;0;28;0,0;Totalt i retning Planetariet/UIT;-;-;-;-;-;-;-;-
01011B1109432;UIT/Planetariet Sykkel;KV12650 S2D1 m22;2022-08-01T00:00+02:00;2022-09-01T00:00+02:00;2022;8;26;19;33;100,0;31;31;0;26;0,0;Totalt i retning UNN;-;-;-;-;-;-;-;-
01011B1109432;UIT/Planetariet Sykkel;KV12650 S2D1 m22;2022-08-01T00:00+02:00;2022-09-01T00:00+02:00;2022;8;54;42;66;100,0;31;31;0;54;0,0;Totalt;-;-;-;-;-;-;-;-
01011B1109432;UIT/Planetariet Sykkel;KV12650 S2D1 m22;2022-09-01T00:00+02:00;2022-10-01T00:00+02:00;2022;9;32;25;39;100,0;30;30;0;32;0,0;1;-;-;-;-;-;-;-;-
01011B1109432;UIT/Planetariet Sykkel;KV12650 S2D1 m22;2022-09-01T00:00+02:00;2022-10-01T00:00+02:00;2022;9;31;25;37;100,0;30;30;0;31;0,0;2;-;-;-;-;-;-;-;-
01011B1109432;UIT/Planetariet Sykkel;KV12650 S2D1 m22;2022-09-01T00:00+02:00;2022-10-01T00:00+02:00;2022;9;31;25;37;100,0;30;30;0;31;0,0;Totalt i retning Planetariet/UIT;-;-;-;-;-;-;-;-
01011B1109432;UIT/Planetariet Sykkel;KV12650 S2D1 m22;2022-09-01T00:00+02:00;2022-10-01T00:00+02:00;2022;9;32;25;39;100,0;30;30;0;32;0,0;Totalt i retning UNN;-;-;-;-;-;-;-;-
01011B1109432;UIT/Planetariet Sykkel;KV12650 S2D1 m22;2022-09-01T00:00+02:00;2022-10-01T00:00+02:00;2022;9;62;50;74;100,0;30;30;0;62;0,0;Totalt;-;-;-;-;-;-;-;-
01011B1109432;UIT/Planetariet Sykkel;KV12650 S2D1 m22;2022-10-01T00:00+02:00;2022-11-01T00:00+01:00;2022;10;17;12;22;100,0;31;31;0;17;0,0;1;-;-;-;-;-;-;-;-
01011B1109432;UIT/Planetariet Sykkel;KV12650 S2D1 m22;2022-10-01T00:00+02:00;2022-11-01T00:00+01:00;2022;10;20;15;25;100,0;31;31;0;20;0,0;2;-;-;-;-;-;-;-;-
01011B1109432;UIT/Planetariet Sykkel;KV12650 S2D1 m22;2022-10-01T00:00+02:00;2022-11-01T00:00+01:00;2022;10;20;15;25;100,0;31;31;0;20;0,0;Totalt i retning Planetariet/UIT;-;-;-;-;-;-;-;-
01011B1109432;UIT/Planetariet Sykkel;KV12650 S2D1 m22;2022-10-01T00:00+02:00;2022-11-01T00:00+01:00;2022;10;17;12;22;100,0;31;31;0;17;0,0;Totalt i retning UNN;-;-;-;-;-;-;-;-
01011B1109432;UIT/Planetariet Sykkel;KV12650 S2D1 m22;2022-10-01T00:00+02:00;2022-11-01T00:00+01:00;2022;10;37;26;48;100,0;31;31;0;37;0,0;Totalt;-;-;-;-;-;-;-;-
01011B1109432;UIT/Planetariet Sykkel;KV12650 S2D1 m22;2022-11-01T00:00+01:00;2022-12-01T00:00+01:00;2022;11;12;9;15;100,0;30;30;0;12;0,0;1;-;-;-;-;-;-;-;-
01011B1109432;UIT/Planetariet Sykkel;KV12650 S2D1 m22;2022-11-01T00:00+01:00;2022-12-01T00:00+01:00;2022;11;13;10;16;100,0;30;30;0;13;0,0;2;-;-;-;-;-;-;-;-
01011B1109432;UIT/Planetariet Sykkel;KV12650 S2D1 m22;2022-11-01T00:00+01:00;2022-12-01T00:00+01:00;2022;11;13;10;16;100,0;30;30;0;13;0,0;Totalt i retning Planetariet/UIT;-;-;-;-;-;-;-;-
01011B1109432;UIT/Planetariet Sykkel;KV12650 S2D1 m22;2022-11-01T00:00+01:00;2022-12-01T00:00+01:00;2022;11;12;9;15;100,0;30;30;0;12;0,0;Totalt i retning UNN;-;-;-;-;-;-;-;-
01011B1109432;UIT/Planetariet Sykkel;KV12650 S2D1 m22;2022-11-01T00:00+01:00;2022-12-01T00:00+01:00;2022;11;25;19;31;100,0;30;30;0;25;0,0;Totalt;-;-;-;-;-;-;-;-
01011B1109432;UIT/Planetariet Sykkel;KV12650 S2D1 m22;2022-12-01T00:00+01:00;2023-01-01T00:00+01:00;2022;12;5;3;7;100,0;31;31;0;5;0,0;1;-;-;-;-;-;-;-;-
01011B1109432;UIT/Planetariet Sykkel;KV12650 S2D1 m22;2022-12-01T00:00+01:00;2023-01-01T00:00+01:00;2022;12;7;5;9;100,0;31;31;0;7;0,0;2;-;-;-;-;-;-;-;-
01011B1109432;UIT/Planetariet Sykkel;KV12650 S2D1 m22;2022-12-01T00:00+01:00;2023-01-01T00:00+01:00;2022;12;7;5;9;100,0;31;31;0;7;0,0;Totalt i retning Planetariet/UIT;-;-;-;-;-;-;-;-
01011B1109432;UIT/Planetariet Sykkel;KV12650 S2D1 m22;2022-12-01T00:00+01:00;2023-01-01T00:00+01:00;2022;12;5;3;7;100,0;31;31;0;5;0,0;Totalt i retning UNN;-;-;-;-;-;-;-;-
01011B1109432;UIT/Planetariet Sykkel;KV12650 S2D1 m22;2022-12-01T00:00+01:00;2023-01-01T00:00+01:00;2022;12;12;8;16;100,0;31;31;0;12;0,0;Totalt;-;-;-;-;-;-;-;-
01011B1109432;UIT/Planetariet Sykkel;KV12650 S2D1 m22;2023-01-01T00:00+01:00;2023-02-01T00:00+01:00;2023;1;13;9;17;100,0;31;31;0;13;0,0;1;-;-;-;-;-;-;-;-
01011B1109432;UIT/Planetariet Sykkel;KV12650 S2D1 m22;2023-01-01T00:00+01:00;2023-02-01T00:00+01:00;2023;1;12;9;15;100,0;31;31;0;12;0,0;2;-;-;-;-;-;-;-;-
01011B1109432;UIT/Planetariet Sykkel;KV12650 S2D1 m22;2023-01-01T00:00+01:00;2023-02-01T00:00+01:00;2023;1;12;9;15;100,0;31;31;0;12;0,0;Totalt i retning Planetariet/UIT;-;-;-;-;-;-;-;-
01011B1109432;UIT/Planetariet Sykkel;KV12650 S2D1 m22;2023-01-01T00:00+01:00;2023-02-01T00:00+01:00;2023;1;13;9;17;100,0;31;31;0;13;0,0;Totalt i retning UNN;-;-;-;-;-;-;-;-
01011B1109432;UIT/Planetariet Sykkel;KV12650 S2D1 m22;2023-01-01T00:00+01:00;2023-02-01T00:00+01:00;2023;1;24;18;30;100,0;31;31;0;24;0,0;Totalt;-;-;-;-;-;-;-;-
01011B1109432;UIT/Planetariet Sykkel;KV12650 S2D1 m22;2023-02-01T00:00+01:00;2023-03-01T00:00+01:00;2023;2;6;4;8;100,0;28;28;0;6;0,0;1;-;-;-;-;-;-;-;-
01011B1109432;UIT/Planetariet Sykkel;KV12650 S2D1 m22;2023-02-01T00:00+01:00;2023-03-01T00:00+01:00;2023;2;9;7;11;100,0;28;28;0;9;0,0;2;-;-;-;-;-;-;-;-
01011B1109432;UIT/Planetariet Sykkel;KV12650 S2D1 m22;2023-02-01T00:00+01:00;2023-03-01T00:00+01:00;2023;2;9;7;11;100,0;28;28;0;9;0,0;Totalt i retning Planetariet/UIT;-;-;-;-;-;-;-;-
01011B1109432;UIT/Planetariet Sykkel;KV12650 S2D1 m22;2023-02-01T00:00+01:00;2023-03-01T00:00+01:00;2023;2;6;4;8;100,0;28;28;0;6;0,0;Totalt i retning UNN;-;-;-;-;-;-;-;-
01011B1109432;UIT/Planetariet Sykkel;KV12650 S2D1 m22;2023-02-01T00:00+01:00;2023-03-01T00:00+01:00;2023;2;15;11;19;100,0;28;28;0;15;0,0;Totalt;-;-;-;-;-;-;-;-
01011B1109432;UIT/Planetariet Sykkel;KV12650 S2D1 m22;2023-03-01T00:00+01:00;2023-04-01T00:00+02:00;2023;3;5;3;7;100,0;31;31;0;5;0,0;1;-;-;-;-;-;-;-;-
01011B1109432;UIT/Planetariet Sykkel;KV12650 S2D1 m22;2023-03-01T00:00+01:00;2023-04-01T00:00+02:00;2023;3;6;4;8;100,0;31;31;0;6;0,0;2;-;-;-;-;-;-;-;-
01011B1109432;UIT/Planetariet Sykkel;KV12650 S2D1 m22;2023-03-01T00:00+01:00;2023-04-01T00:00+02:00;2023;3;6;4;8;100,0;31;31;0;6;0,0;Totalt i retning Planetariet/UIT;-;-;-;-;-;-;-;-
01011B1109432;UIT/Planetariet Sykkel;KV12650 S2D1 m22;2023-03-01T00:00+01:00;2023-04-01T00:00+02:00;2023;3;5;3;7;100,0;31;31;0;5;0,0;Totalt i retning UNN;-;-;-;-;-;-;-;-
01011B1109432;UIT/Planetariet Sykkel;KV12650 S2D1 m22;2023-03-01T00:00+01:00;2023-04-01T00:00+02:00;2023;3;11;8;14;100,0;31;31;0;11;0,0;Totalt;-;-;-;-;-;-;-;-
01011B1109432;UIT/Planetariet Sykkel;KV12650 S2D1 m22;2023-04-01T00:00+02:00;2023-05-01T00:00+02:00;2023;4;8;5;11;100,0;30;30;0;8;0,0;1;-;-;-;-;-;-;-;-
01011B1109432;UIT/Planetariet Sykkel;KV12650 S2D1 m22;2023-04-01T00:00+02:00;2023-05-01T00:00+02:00;2023;4;13;9;17;100,0;30;30;0;13;0,0;2;-;-;-;-;-;-;-;-
01011B1109432;UIT/Planetariet Sykkel;KV12650 S2D1 m22;2023-04-01T00:00+02:00;2023-05-01T00:00+02:00;2023;4;13;9;17;100,0;30;30;0;13;0,0;Totalt i retning Planetariet/UIT;-;-;-;-;-;-;-;-
01011B1109432;UIT/Planetariet Sykkel;KV12650 S2D1 m22;2023-04-01T00:00+02:00;2023-05-01T00:00+02:00;2023;4;8;5;11;100,0;30;30;0;8;0,0;Totalt i retning UNN;-;-;-;-;-;-;-;-
01011B1109432;UIT/Planetariet Sykkel;KV12650 S2D1 m22;2023-04-01T00:00+02:00;2023-05-01T00:00+02:00;2023;4;21;15;27;100,0;30;30;0;21;0,0;Totalt;-;-;-;-;-;-;-;-
34219B1109528;Prestvannet Sykkel;KV21200 S1D1 m644;2022-01-01T00:00+01:00;2022-02-01T00:00+01:00;2022;1;38;30;46;100,0;31;31;0;38;0,0;1;-;-;-;-;-;-;-;-
34219B1109528;Prestvannet Sykkel;KV21200 S1D1 m644;2022-01-01T00:00+01:00;2022-02-01T00:00+01:00;2022;1;70;59;81;100,0;31;31;0;70;0,0;2;-;-;-;-;-;-;-;-
34219B1109528;Prestvannet Sykkel;KV21200 S1D1 m644;2022-01-01T00:00+01:00;2022-02-01T00:00+01:00;2022;1;70;59;81;100,0;31;31;0;70;0,0;Totalt i retning Vervarslinga i Nord-Norge;-;-;-;-;-;-;-;-
34219B1109528;Prestvannet Sykkel;KV21200 S1D1 m644;2022-01-01T00:00+01:00;2022-02-01T00:00+01:00;2022;1;38;30;46;100,0;31;31;0;38;0,0;Totalt i retning Rundkjøring-Fv862-Langnesbakken;-;-;-;-;-;-;-;-
34219B1109528;Prestvannet Sykkel;KV21200 S1D1 m644;2022-01-01T00:00+01:00;2022-02-01T00:00+01:00;2022;1;107;89;125;100,0;31;31;0;107;0,0;Totalt;-;-;-;-;-;-;-;-
34219B1109528;Prestvannet Sykkel;KV21200 S1D1 m644;2022-02-01T00:00+01:00;2022-03-01T00:00+01:00;2022;2;57;46;68;100,0;28;28;0;57;0,0;1;-;-;-;-;-;-;-;-
34219B1109528;Prestvannet Sykkel;KV21200 S1D1 m644;2022-02-01T00:00+01:00;2022-03-01T00:00+01:00;2022;2;89;74;104;100,0;28;28;0;89;0,0;2;-;-;-;-;-;-;-;-
34219B1109528;Prestvannet Sykkel;KV21200 S1D1 m644;2022-02-01T00:00+01:00;2022-03-01T00:00+01:00;2022;2;89;74;104;100,0;28;28;0;89;0,0;Totalt i retning Vervarslinga i Nord-Norge;-;-;-;-;-;-;-;-
34219B1109528;Prestvannet Sykkel;KV21200 S1D1 m644;2022-02-01T00:00+01:00;2022-03-01T00:00+01:00;2022;2;57;46;68;100,0;28;28;0;57;0,0;Totalt i retning Rundkjøring-Fv862-Langnesbakken;-;-;-;-;-;-;-;-
34219B1109528;Prestvannet Sykkel;KV21200 S1D1 m644;2022-02-01T00:00+01:00;2022-03-01T00:00+01:00;2022;2;146;120;172;100,0;28;28;0;146;0,0;Totalt;-;-;-;-;-;-;-;-
34219B1109528;Prestvannet Sykkel;KV21200 S1D1 m644;2022-03-01T00:00+01:00;2022-04-01T00:00+02:00;2022;3;65;54;76;100,0;31;31;0;65;0,0;1;-;-;-;-;-;-;-;-
34219B1109528;Prestvannet Sykkel;KV21200 S1D1 m644;2022-03-01T00:00+01:00;2022-04-01T00:00+02:00;2022;3;95;80;110;100,0;31;31;0;95;0,0;2;-;-;-;-;-;-;-;-
34219B1109528;Prestvannet Sykkel;KV21200 S1D1 m644;2022-03-01T00:00+01:00;2022-04-01T00:00+02:00;2022;3;95;80;110;100,0;31;31;0;95;0,0;Totalt i retning Vervarslinga i Nord-Norge;-;-;-;-;-;-;-;-
34219B1109528;Prestvannet Sykkel;KV21200 S1D1 m644;2022-03-01T00:00+01:00;2022-04-01T00:00+02:00;2022;3;65;54;76;100,0;31;31;0;65;0,0;Totalt i retning Rundkjøring-Fv862-Langnesbakken;-;-;-;-;-;-;-;-
34219B1109528;Prestvannet Sykkel;KV21200 S1D1 m644;2022-03-01T00:00+01:00;2022-04-01T00:00+02:00;2022;3;159;134;184;100,0;31;31;0;159;0,0;Totalt;-;-;-;-;-;-;-;-
34219B1109528;Prestvannet Sykkel;KV21200 S1D1 m644;2022-04-01T00:00+02:00;2022-05-01T00:00+02:00;2022;4;66;50;82;100,0;30;30;0;66;0,0;1;-;-;-;-;-;-;-;-
34219B1109528;Prestvannet Sykkel;KV21200 S1D1 m644;2022-04-01T00:00+02:00;2022-05-01T00:00+02:00;2022;4;98;76;120;100,0;30;30;0;98;0,0;2;-;-;-;-;-;-;-;-
34219B1109528;Prestvannet Sykkel;KV21200 S1D1 m644;2022-04-01T00:00+02:00;2022-05-01T00:00+02:00;2022;4;98;76;120;100,0;30;30;0;98;0,0;Totalt i retning Vervarslinga i Nord-Norge;-;-;-;-;-;-;-;-
34219B1109528;Prestvannet Sykkel;KV21200 S1D1 m644;2022-04-01T00:00+02:00;2022-05-01T00:00+02:00;2022;4;66;50;82;100,0;30;30;0;66;0,0;Totalt i retning Rundkjøring-Fv862-Langnesbakken;-;-;-;-;-;-;-;-
34219B1109528;Prestvannet Sykkel;KV21200 S1D1 m644;2022-04-01T00:00+02:00;2022-05-01T00:00+02:00;2022;4;164;126;202;100,0;30;30;0;164;0,0;Totalt;-;-;-;-;-;-;-;-
34219B1109528;Prestvannet Sykkel;KV21200 S1D1 m644;2022-05-01T00:00+02:00;2022-06-01T00:00+02:00;2022;5;114;89;139;100,0;31;31;0;114;0,0;1;-;-;-;-;-;-;-;-
34219B1109528;Prestvannet Sykkel;KV21200 S1D1 m644;2022-05-01T00:00+02:00;2022-06-01T00:00+02:00;2022;5;154;123;185;100,0;31;31;0;154;0,0;2;-;-;-;-;-;-;-;-
34219B1109528;Prestvannet Sykkel;KV21200 S1D1 m644;2022-05-01T00:00+02:00;2022-06-01T00:00+02:00;2022;5;154;123;185;100,0;31;31;0;154;0,0;Totalt i retning Vervarslinga i Nord-Norge;-;-;-;-;-;-;-;-
34219B1109528;Prestvannet Sykkel;KV21200 S1D1 m644;2022-05-01T00:00+02:00;2022-06-01T00:00+02:00;2022;5;114;89;139;100,0;31;31;0;114;0,0;Totalt i retning Rundkjøring-Fv862-Langnesbakken;-;-;-;-;-;-;-;-
34219B1109528;Prestvannet Sykkel;KV21200 S1D1 m644;2022-05-01T00:00+02:00;2022-06-01T00:00+02:00;2022;5;268;213;323;100,0;31;31;0;268;0,0;Totalt;-;-;-;-;-;-;-;-
34219B1109528;Prestvannet Sykkel;KV21200 S1D1 m644;2022-06-01T00:00+02:00;2022-07-01T00:00+02:00;2022;6;163;139;187;100,0;30;30;0;163;0,0;1;-;-;-;-;-;-;-;-
34219B1109528;Prestvannet Sykkel;KV21200 S1D1 m644;2022-06-01T00:00+02:00;2022-07-01T00:00+02:00;2022;6;215;187;243;100,0;30;30;0;215;0,0;2;-;-;-;-;-;-;-;-
34219B1109528;Prestvannet Sykkel;KV21200 S1D1 m644;2022-06-01T00:00+02:00;2022-07-01T00:00+02:00;2022;6;215;187;243;100,0;30;30;0;215;0,0;Totalt i retning Vervarslinga i Nord-Norge;-;-;-;-;-;-;-;-
34219B1109528;Prestvannet Sykkel;KV21200 S1D1 m644;2022-06-01T00:00+02:00;2022-07-01T00:00+02:00;2022;6;163;139;187;100,0;30;30;0;163;0,0;Totalt i retning Rundkjøring-Fv862-Langnesbakken;-;-;-;-;-;-;-;-
34219B1109528;Prestvannet Sykkel;KV21200 S1D1 m644;2022-06-01T00:00+02:00;2022-07-01T00:00+02:00;2022;6;378;326;430;100,0;30;30;0;378;0,0;Totalt;-;-;-;-;-;-;-;-
34219B1109528;Prestvannet Sykkel;KV21200 S1D1 m644;2022-07-01T00:00+02:00;2022-08-01T00:00+02:00;2022;7;83;71;95;100,0;31;31;0;83;0,0;1;-;-;-;-;-;-;-;-
34219B1109528;Prestvannet Sykkel;KV21200 S1D1 m644;2022-07-01T00:00+02:00;2022-08-01T00:00+02:00;2022;7;109;94;124;100,0;31;31;0;109;0,0;2;-;-;-;-;-;-;-;-
34219B1109528;Prestvannet Sykkel;KV21200 S1D1 m644;2022-07-01T00:00+02:00;2022-08-01T00:00+02:00;2022;7;109;94;124;100,0;31;31;0;109;0,0;Totalt i retning Vervarslinga i Nord-Norge;-;-;-;-;-;-;-;-
34219B1109528;Prestvannet Sykkel;KV21200 S1D1 m644;2022-07-01T00:00+02:00;2022-08-01T00:00+02:00;2022;7;83;71;95;100,0;31;31;0;83;0,0;Totalt i retning Rundkjøring-Fv862-Langnesbakken;-;-;-;-;-;-;-;-
34219B1109528;Prestvannet Sykkel;KV21200 S1D1 m644;2022-07-01T00:00+02:00;2022-08-01T00:00+02:00;2022;7;193;167;219;100,0;31;31;0;193;0,0;Totalt;-;-;-;-;-;-;-;-
34219B1109528;Prestvannet Sykkel;KV21200 S1D1 m644;2022-08-01T00:00+02:00;2022-09-01T00:00+02:00;2022;8;146;124;168;100,0;31;31;0;146;0,0;1;-;-;-;-;-;-;-;-
34219B1109528;Prestvannet Sykkel;KV21200 S1D1 m644;2022-08-01T00:00+02:00;2022-09-01T00:00+02:00;2022;8;198;167;229;100,0;31;31;0;198;0,0;2;-;-;-;-;-;-;-;-
34219B1109528;Prestvannet Sykkel;KV21200 S1D1 m644;2022-08-01T00:00+02:00;2022-09-01T00:00+02:00;2022;8;198;167;229;100,0;31;31;0;198;0,0;Totalt i retning Vervarslinga i Nord-Norge;-;-;-;-;-;-;-;-
34219B1109528;Prestvannet Sykkel;KV21200 S1D1 m644;2022-08-01T00:00+02:00;2022-09-01T00:00+02:00;2022;8;146;124;168;100,0;31;31;0;146;0,0;Totalt i retning Rundkjøring-Fv862-Langnesbakken;-;-;-;-;-;-;-;-
34219B1109528;Prestvannet Sykkel;KV21200 S1D1 m644;2022-08-01T00:00+02:00;2022-09-01T00:00+02:00;2022;8;344;291;397;100,0;31;31;0;344;0,0;Totalt;-;-;-;-;-;-;-;-
34219B1109528;Prestvannet Sykkel;KV21200 S1D1 m644;2022-09-01T00:00+02:00;2022-10-01T00:00+02:00;2022;9;169;147;191;100,0;30;30;0;169;0,0;1;-;-;-;-;-;-;-;-
34219B1109528;Prestvannet Sykkel;KV21200 S1D1 m644;2022-09-01T00:00+02:00;2022-10-01T00:00+02:00;2022;9;227;195;259;100,0;30;30;0;227;0,0;2;-;-;-;-;-;-;-;-
34219B1109528;Prestvannet Sykkel;KV21200 S1D1 m644;2022-09-01T00:00+02:00;2022-10-01T00:00+02:00;2022;9;227;195;259;100,0;30;30;0;227;0,0;Totalt i retning Vervarslinga i Nord-Norge;-;-;-;-;-;-;-;-
34219B1109528;Prestvannet Sykkel;KV21200 S1D1 m644;2022-09-01T00:00+02:00;2022-10-01T00:00+02:00;2022;9;169;147;191;100,0;30;30;0;169;0,0;Totalt i retning Rundkjøring-Fv862-Langnesbakken;-;-;-;-;-;-;-;-
34219B1109528;Prestvannet Sykkel;KV21200 S1D1 m644;2022-09-01T00:00+02:00;2022-10-01T00:00+02:00;2022;9;396;342;450;100,0;30;30;0;396;0,0;Totalt;-;-;-;-;-;-;-;-
34219B1109528;Prestvannet Sykkel;KV21200 S1D1 m644;2022-10-01T00:00+02:00;2022-11-01T00:00+01:00;2022;10;109;89;129;100,0;31;31;0;109;0,0;1;-;-;-;-;-;-;-;-
34219B1109528;Prestvannet Sykkel;KV21200 S1D1 m644;2022-10-01T00:00+02:00;2022-11-01T00:00+01:00;2022;10;153;127;179;100,0;31;31;0;153;0,0;2;-;-;-;-;-;-;-;-
34219B1109528;Prestvannet Sykkel;KV21200 S1D1 m644;2022-10-01T00:00+02:00;2022-11-01T00:00+01:00;2022;10;153;127;179;100,0;31;31;0;153;0,0;Totalt i retning Vervarslinga i Nord-Norge;-;-;-;-;-;-;-;-
34219B1109528;Prestvannet Sykkel;KV21200 S1D1 m644;2022-10-01T00:00+02:00;2022-11-01T00:00+01:00;2022;10;109;89;129;100,0;31;31;0;109;0,0;Totalt i retning Rundkjøring-Fv862-Langnesbakken;-;-;-;-;-;-;-;-
34219B1109528;Prestvannet Sykkel;KV21200 S1D1 m644;2022-10-01T00:00+02:00;2022-11-01T00:00+01:00;2022;10;262;216;308;100,0;31;31;0;262;0,0;Totalt;-;-;-;-;-;-;-;-
34219B1109528;Prestvannet Sykkel;KV21200 S1D1 m644;2022-11-01T00:00+01:00;2022-12-01T00:00+01:00;2022;11;94;79;109;96,7;30;29;1;94;0,0;1;-;-;-;-;-;-;-;-
34219B1109528;Prestvannet Sykkel;KV21200 S1D1 m644;2022-11-01T00:00+01:00;2022-12-01T00:00+01:00;2022;11;138;117;159;96,7;30;29;1;138;0,0;2;-;-;-;-;-;-;-;-
34219B1109528;Prestvannet Sykkel;KV21200 S1D1 m644;2022-11-01T00:00+01:00;2022-12-01T00:00+01:00;2022;11;138;117;159;96,7;30;29;1;138;0,0;Totalt i retning Vervarslinga i Nord-Norge;-;-;-;-;-;-;-;-
34219B1109528;Prestvannet Sykkel;KV21200 S1D1 m644;2022-11-01T00:00+01:00;2022-12-01T00:00+01:00;2022;11;94;79;109;96,7;30;29;1;94;0,0;Totalt i retning Rundkjøring-Fv862-Langnesbakken;-;-;-;-;-;-;-;-
34219B1109528;Prestvannet Sykkel;KV21200 S1D1 m644;2022-11-01T00:00+01:00;2022-12-01T00:00+01:00;2022;11;232;195;269;96,7;30;29;1;232;0,0;Totalt;-;-;-;-;-;-;-;-
34219B1109528;Prestvannet Sykkel;KV21200 S1D1 m644;2022-12-01T00:00+01:00;2023-01-01T00:00+01:00;2022;12;58;44;72;100,0;31;31;0;58;0,0;1;-;-;-;-;-;-;-;-
34219B1109528;Prestvannet Sykkel;KV21200 S1D1 m644;2022-12-01T00:00+01:00;2023-01-01T00:00+01:00;2022;12;78;59;97;100,0;31;31;0;78;0,0;2;-;-;-;-;-;-;-;-
34219B1109528;Prestvannet Sykkel;KV21200 S1D1 m644;2022-12-01T00:00+01:00;2023-01-01T00:00+01:00;2022;12;78;59;97;100,0;31;31;0;78;0,0;Totalt i retning Vervarslinga i Nord-Norge;-;-;-;-;-;-;-;-
34219B1109528;Prestvannet Sykkel;KV21200 S1D1 m644;2022-12-01T00:00+01:00;2023-01-01T00:00+01:00;2022;12;58;44;72;100,0;31;31;0;58;0,0;Totalt i retning Rundkjøring-Fv862-Langnesbakken;-;-;-;-;-;-;-;-
34219B1109528;Prestvannet Sykkel;KV21200 S1D1 m644;2022-12-01T00:00+01:00;2023-01-01T00:00+01:00;2022;12;136;104;168;100,0;31;31;0;136;0,0;Totalt;-;-;-;-;-;-;-;-
34219B1109528;Prestvannet Sykkel;KV21200 S1D1 m644;2023-01-01T00:00+01:00;2023-02-01T00:00+01:00;2023;1;70;56;84;100,0;31;31;0;70;0,0;1;-;-;-;-;-;-;-;-
34219B1109528;Prestvannet Sykkel;KV21200 S1D1 m644;2023-01-01T00:00+01:00;2023-02-01T00:00+01:00;2023;1;78;63;93;100,0;31;31;0;78;0,0;2;-;-;-;-;-;-;-;-
34219B1109528;Prestvannet Sykkel;KV21200 S1D1 m644;2023-01-01T00:00+01:00;2023-02-01T00:00+01:00;2023;1;78;63;93;100,0;31;31;0;78;0,0;Totalt i retning Vervarslinga i Nord-Norge;-;-;-;-;-;-;-;-
34219B1109528;Prestvannet Sykkel;KV21200 S1D1 m644;2023-01-01T00:00+01:00;2023-02-01T00:00+01:00;2023;1;70;56;84;100,0;31;31;0;70;0,0;Totalt i retning Rundkjøring-Fv862-Langnesbakken;-;-;-;-;-;-;-;-
34219B1109528;Prestvannet Sykkel;KV21200 S1D1 m644;2023-01-01T00:00+01:00;2023-02-01T00:00+01:00;2023;1;148;119;177;100,0;31;31;0;148;0,0;Totalt;-;-;-;-;-;-;-;-
34219B1109528;Prestvannet Sykkel;KV21200 S1D1 m644;2023-02-01T00:00+01:00;2023-03-01T00:00+01:00;2023;2;58;44;72;100,0;28;28;0;58;0,0;1;-;-;-;-;-;-;-;-
34219B1109528;Prestvannet Sykkel;KV21200 S1D1 m644;2023-02-01T00:00+01:00;2023-03-01T00:00+01:00;2023;2;79;62;96;100,0;28;28;0;79;0,0;2;-;-;-;-;-;-;-;-
34219B1109528;Prestvannet Sykkel;KV21200 S1D1 m644;2023-02-01T00:00+01:00;2023-03-01T00:00+01:00;2023;2;79;62;96;100,0;28;28;0;79;0,0;Totalt i retning Vervarslinga i Nord-Norge;-;-;-;-;-;-;-;-
34219B1109528;Prestvannet Sykkel;KV21200 S1D1 m644;2023-02-01T00:00+01:00;2023-03-01T00:00+01:00;2023;2;58;44;72;100,0;28;28;0;58;0,0;Totalt i retning Rundkjøring-Fv862-Langnesbakken;-;-;-;-;-;-;-;-
34219B1109528;Prestvannet Sykkel;KV21200 S1D1 m644;2023-02-01T00:00+01:00;2023-03-01T00:00+01:00;2023;2;137;106;168;100,0;28;28;0;137;0,0;Totalt;-;-;-;-;-;-;-;-
34219B1109528;Prestvannet Sykkel;KV21200 S1D1 m644;2023-03-01T00:00+01:00;2023-04-01T00:00+02:00;2023;3;41;31;51;100,0;31;31;0;41;0,0;1;-;-;-;-;-;-;-;-
34219B1109528;Prestvannet Sykkel;KV21200 S1D1 m644;2023-03-01T00:00+01:00;2023-04-01T00:00+02:00;2023;3;48;36;60;100,0;31;31;0;48;0,0;2;-;-;-;-;-;-;-;-
34219B1109528;Prestvannet Sykkel;KV21200 S1D1 m644;2023-03-01T00:00+01:00;2023-04-01T00:00+02:00;2023;3;48;36;60;100,0;31;31;0;48;0,0;Totalt i retning Vervarslinga i Nord-Norge;-;-;-;-;-;-;-;-
34219B1109528;Prestvannet Sykkel;KV21200 S1D1 m644;2023-03-01T00:00+01:00;2023-04-01T00:00+02:00;2023;3;41;31;51;100,0;31;31;0;41;0,0;Totalt i retning Rundkjøring-Fv862-Langnesbakken;-;-;-;-;-;-;-;-
34219B1109528;Prestvannet Sykkel;KV21200 S1D1 m644;2023-03-01T00:00+01:00;2023-04-01T00:00+02:00;2023;3;89;68;110;100,0;31;31;0;89;0,0;Totalt;-;-;-;-;-;-;-;-
34219B1109528;Prestvannet Sykkel;KV21200 S1D1 m644;2023-04-01T00:00+02:00;2023-05-01T00:00+02:00;2023;4;76;55;97;100,0;30;30;0;76;0,0;1;-;-;-;-;-;-;-;-
34219B1109528;Prestvannet Sykkel;KV21200 S1D1 m644;2023-04-01T00:00+02:00;2023-05-01T00:00+02:00;2023;4;114;84;144;100,0;30;30;0;114;0,0;2;-;-;-;-;-;-;-;-
34219B1109528;Prestvannet Sykkel;KV21200 S1D1 m644;2023-04-01T00:00+02:00;2023-05-01T00:00+02:00;2023;4;114;84;144;100,0;30;30;0;114;0,0;Totalt i retning Vervarslinga i Nord-Norge;-;-;-;-;-;-;-;-
34219B1109528;Prestvannet Sykkel;KV21200 S1D1 m644;2023-04-01T00:00+02:00;2023-05-01T00:00+02:00;2023;4;76;55;97;100,0;30;30;0;76;0,0;Totalt i retning Rundkjøring-Fv862-Langnesbakken;-;-;-;-;-;-;-;-
34219B1109528;Prestvannet Sykkel;KV21200 S1D1 m644;2023-04-01T00:00+02:00;2023-05-01T00:00+02:00;2023;4;191;140;242;100,0;30;30;0;191;0,0;Totalt;-;-;-;-;-;-;-;-
38973B1816966;Tverrforbindelsen sykkel;EV8 S1D100 m2352;2022-01-01T00:00+01:00;2022-02-01T00:00+01:00;2022;1;97;77;117;100,0;31;31;0;97;0,0;1;-;-;-;-;-;-;-;-
38973B1816966;Tverrforbindelsen sykkel;EV8 S1D100 m2352;2022-01-01T00:00+01:00;2022-02-01T00:00+01:00;2022;1;96;75;117;100,0;31;31;0;96;0,0;2;-;-;-;-;-;-;-;-
38973B1816966;Tverrforbindelsen sykkel;EV8 S1D100 m2352;2022-01-01T00:00+01:00;2022-02-01T00:00+01:00;2022;1;97;77;117;100,0;31;31;0;97;0,0;Totalt i retning Sentrum;-;-;-;-;-;-;-;-
38973B1816966;Tverrforbindelsen sykkel;EV8 S1D100 m2352;2022-01-01T00:00+01:00;2022-02-01T00:00+01:00;2022;1;96;75;117;100,0;31;31;0;96;0,0;Totalt i retning Giæverbukta;-;-;-;-;-;-;-;-
38973B1816966;Tverrforbindelsen sykkel;EV8 S1D100 m2352;2022-01-01T00:00+01:00;2022-02-01T00:00+01:00;2022;1;193;152;234;100,0;31;31;0;193;0,0;Totalt;-;-;-;-;-;-;-;-
38973B1816966;Tverrforbindelsen sykkel;EV8 S1D100 m2352;2022-02-01T00:00+01:00;2022-03-01T00:00+01:00;2022;2;121;97;145;100,0;28;28;0;121;0,0;1;-;-;-;-;-;-;-;-
38973B1816966;Tverrforbindelsen sykkel;EV8 S1D100 m2352;2022-02-01T00:00+01:00;2022-03-01T00:00+01:00;2022;2;121;96;146;100,0;28;28;0;121;0,0;2;-;-;-;-;-;-;-;-
38973B1816966;Tverrforbindelsen sykkel;EV8 S1D100 m2352;2022-02-01T00:00+01:00;2022-03-01T00:00+01:00;2022;2;121;97;145;100,0;28;28;0;121;0,0;Totalt i retning Sentrum;-;-;-;-;-;-;-;-
38973B1816966;Tverrforbindelsen sykkel;EV8 S1D100 m2352;2022-02-01T00:00+01:00;2022-03-01T00:00+01:00;2022;2;121;96;146;100,0;28;28;0;121;0,0;Totalt i retning Giæverbukta;-;-;-;-;-;-;-;-
38973B1816966;Tverrforbindelsen sykkel;EV8 S1D100 m2352;2022-02-01T00:00+01:00;2022-03-01T00:00+01:00;2022;2;241;192;290;100,0;28;28;0;241;0,0;Totalt;-;-;-;-;-;-;-;-
38973B1816966;Tverrforbindelsen sykkel;EV8 S1D100 m2352;2022-03-01T00:00+01:00;2022-04-01T00:00+02:00;2022;3;137;110;164;100,0;31;31;0;137;0,0;1;-;-;-;-;-;-;-;-
38973B1816966;Tverrforbindelsen sykkel;EV8 S1D100 m2352;2022-03-01T00:00+01:00;2022-04-01T00:00+02:00;2022;3;133;108;158;100,0;31;31;0;133;0,0;2;-;-;-;-;-;-;-;-
38973B1816966;Tverrforbindelsen sykkel;EV8 S1D100 m2352;2022-03-01T00:00+01:00;2022-04-01T00:00+02:00;2022;3;137;110;164;100,0;31;31;0;137;0,0;Totalt i retning Sentrum;-;-;-;-;-;-;-;-
38973B1816966;Tverrforbindelsen sykkel;EV8 S1D100 m2352;2022-03-01T00:00+01:00;2022-04-01T00:00+02:00;2022;3;133;108;158;100,0;31;31;0;133;0,0;Totalt i retning Giæverbukta;-;-;-;-;-;-;-;-
38973B1816966;Tverrforbindelsen sykkel;EV8 S1D100 m2352;2022-03-01T00:00+01:00;2022-04-01T00:00+02:00;2022;3;270;218;322;100,0;31;31;0;270;0,0;Totalt;-;-;-;-;-;-;-;-
38973B1816966;Tverrforbindelsen sykkel;EV8 S1D100 m2352;2022-04-01T00:00+02:00;2022-05-01T00:00+02:00;2022;4;136;99;173;100,0;30;30;0;136;0,0;1;-;-;-;-;-;-;-;-
38973B1816966;Tverrforbindelsen sykkel;EV8 S1D100 m2352;2022-04-01T00:00+02:00;2022-05-01T00:00+02:00;2022;4;130;95;165;100,0;30;30;0;130;0,0;2;-;-;-;-;-;-;-;-
38973B1816966;Tverrforbindelsen sykkel;EV8 S1D100 m2352;2022-04-01T00:00+02:00;2022-05-01T00:00+02:00;2022;4;136;99;173;100,0;30;30;0;136;0,0;Totalt i retning Sentrum;-;-;-;-;-;-;-;-
38973B1816966;Tverrforbindelsen sykkel;EV8 S1D100 m2352;2022-04-01T00:00+02:00;2022-05-01T00:00+02:00;2022;4;130;95;165;100,0;30;30;0;130;0,0;Totalt i retning Giæverbukta;-;-;-;-;-;-;-;-
38973B1816966;Tverrforbindelsen sykkel;EV8 S1D100 m2352;2022-04-01T00:00+02:00;2022-05-01T00:00+02:00;2022;4;266;195;337;100,0;30;30;0;266;0,0;Totalt;-;-;-;-;-;-;-;-
38973B1816966;Tverrforbindelsen sykkel;EV8 S1D100 m2352;2022-05-01T00:00+02:00;2022-06-01T00:00+02:00;2022;5;187;146;228;100,0;31;31;0;187;0,0;1;-;-;-;-;-;-;-;-
38973B1816966;Tverrforbindelsen sykkel;EV8 S1D100 m2352;2022-05-01T00:00+02:00;2022-06-01T00:00+02:00;2022;5;192;148;236;100,0;31;31;0;192;0,0;2;-;-;-;-;-;-;-;-
38973B1816966;Tverrforbindelsen sykkel;EV8 S1D100 m2352;2022-05-01T00:00+02:00;2022-06-01T00:00+02:00;2022;5;187;146;228;100,0;31;31;0;187;0,0;Totalt i retning Sentrum;-;-;-;-;-;-;-;-
38973B1816966;Tverrforbindelsen sykkel;EV8 S1D100 m2352;2022-05-01T00:00+02:00;2022-06-01T00:00+02:00;2022;5;192;148;236;100,0;31;31;0;192;0,0;Totalt i retning Giæverbukta;-;-;-;-;-;-;-;-
38973B1816966;Tverrforbindelsen sykkel;EV8 S1D100 m2352;2022-05-01T00:00+02:00;2022-06-01T00:00+02:00;2022;5;378;292;464;100,0;31;31;0;378;0,0;Totalt;-;-;-;-;-;-;-;-
38973B1816966;Tverrforbindelsen sykkel;EV8 S1D100 m2352;2022-06-01T00:00+02:00;2022-07-01T00:00+02:00;2022;6;197;164;230;100,0;30;30;0;197;0,0;1;-;-;-;-;-;-;-;-
38973B1816966;Tverrforbindelsen sykkel;EV8 S1D100 m2352;2022-06-01T00:00+02:00;2022-07-01T00:00+02:00;2022;6;216;178;254;100,0;30;30;0;216;0,0;2;-;-;-;-;-;-;-;-
38973B1816966;Tverrforbindelsen sykkel;EV8 S1D100 m2352;2022-06-01T00:00+02:00;2022-07-01T00:00+02:00;2022;6;197;164;230;100,0;30;30;0;197;0,0;Totalt i retning Sentrum;-;-;-;-;-;-;-;-
38973B1816966;Tverrforbindelsen sykkel;EV8 S1D100 m2352;2022-06-01T00:00+02:00;2022-07-01T00:00+02:00;2022;6;216;178;254;100,0;30;30;0;216;0,0;Totalt i retning Giæverbukta;-;-;-;-;-;-;-;-
38973B1816966;Tverrforbindelsen sykkel;EV8 S1D100 m2352;2022-06-01T00:00+02:00;2022-07-01T00:00+02:00;2022;6;413;342;484;100,0;30;30;0;413;0,0;Totalt;-;-;-;-;-;-;-;-
38973B1816966;Tverrforbindelsen sykkel;EV8 S1D100 m2352;2022-07-01T00:00+02:00;2022-08-01T00:00+02:00;2022;7;110;92;128;100,0;31;31;0;110;0,0;1;-;-;-;-;-;-;-;-
38973B1816966;Tverrforbindelsen sykkel;EV8 S1D100 m2352;2022-07-01T00:00+02:00;2022-08-01T00:00+02:00;2022;7;114;94;134;100,0;31;31;0;114;0,0;2;-;-;-;-;-;-;-;-
38973B1816966;Tverrforbindelsen sykkel;EV8 S1D100 m2352;2022-07-01T00:00+02:00;2022-08-01T00:00+02:00;2022;7;110;92;128;100,0;31;31;0;110;0,0;Totalt i retning Sentrum;-;-;-;-;-;-;-;-
38973B1816966;Tverrforbindelsen sykkel;EV8 S1D100 m2352;2022-07-01T00:00+02:00;2022-08-01T00:00+02:00;2022;7;114;94;134;100,0;31;31;0;114;0,0;Totalt i retning Giæverbukta;-;-;-;-;-;-;-;-
38973B1816966;Tverrforbindelsen sykkel;EV8 S1D100 m2352;2022-07-01T00:00+02:00;2022-08-01T00:00+02:00;2022;7;224;187;261;100,0;31;31;0;224;0,0;Totalt;-;-;-;-;-;-;-;-
38973B1816966;Tverrforbindelsen sykkel;EV8 S1D100 m2352;2022-08-01T00:00+02:00;2022-09-01T00:00+02:00;2022;8;194;156;232;100,0;31;31;0;194;0,0;1;-;-;-;-;-;-;-;-
38973B1816966;Tverrforbindelsen sykkel;EV8 S1D100 m2352;2022-08-01T00:00+02:00;2022-09-01T00:00+02:00;2022;8;200;160;240;100,0;31;31;0;200;0,0;2;-;-;-;-;-;-;-;-
38973B1816966;Tverrforbindelsen sykkel;EV8 S1D100 m2352;2022-08-01T00:00+02:00;2022-09-01T00:00+02:00;2022;8;194;156;232;100,0;31;31;0;194;0,0;Totalt i retning Sentrum;-;-;-;-;-;-;-;-
38973B1816966;Tverrforbindelsen sykkel;EV8 S1D100 m2352;2022-08-01T00:00+02:00;2022-09-01T00:00+02:00;2022;8;200;160;240;100,0;31;31;0;200;0,0;Totalt i retning Giæverbukta;-;-;-;-;-;-;-;-
38973B1816966;Tverrforbindelsen sykkel;EV8 S1D100 m2352;2022-08-01T00:00+02:00;2022-09-01T00:00+02:00;2022;8;394;316;472;100,0;31;31;0;394;0,0;Totalt;-;-;-;-;-;-;-;-
38973B1816966;Tverrforbindelsen sykkel;EV8 S1D100 m2352;2022-09-01T00:00+02:00;2022-10-01T00:00+02:00;2022;9;227;190;264;100,0;30;30;0;227;0,0;1;-;-;-;-;-;-;-;-
38973B1816966;Tverrforbindelsen sykkel;EV8 S1D100 m2352;2022-09-01T00:00+02:00;2022-10-01T00:00+02:00;2022;9;239;198;280;100,0;30;30;0;239;0,0;2;-;-;-;-;-;-;-;-
38973B1816966;Tverrforbindelsen sykkel;EV8 S1D100 m2352;2022-09-01T00:00+02:00;2022-10-01T00:00+02:00;2022;9;227;190;264;100,0;30;30;0;227;0,0;Totalt i retning Sentrum;-;-;-;-;-;-;-;-
38973B1816966;Tverrforbindelsen sykkel;EV8 S1D100 m2352;2022-09-01T00:00+02:00;2022-10-01T00:00+02:00;2022;9;239;198;280;100,0;30;30;0;239;0,0;Totalt i retning Giæverbukta;-;-;-;-;-;-;-;-
38973B1816966;Tverrforbindelsen sykkel;EV8 S1D100 m2352;2022-09-01T00:00+02:00;2022-10-01T00:00+02:00;2022;9;466;388;544;100,0;30;30;0;466;0,0;Totalt;-;-;-;-;-;-;-;-
38973B1816966;Tverrforbindelsen sykkel;EV8 S1D100 m2352;2022-10-01T00:00+02:00;2022-11-01T00:00+01:00;2022;10;161;129;193;100,0;31;31;0;161;0,0;1;-;-;-;-;-;-;-;-
38973B1816966;Tverrforbindelsen sykkel;EV8 S1D100 m2352;2022-10-01T00:00+02:00;2022-11-01T00:00+01:00;2022;10;164;130;198;100,0;31;31;0;164;0,0;2;-;-;-;-;-;-;-;-
38973B1816966;Tverrforbindelsen sykkel;EV8 S1D100 m2352;2022-10-01T00:00+02:00;2022-11-01T00:00+01:00;2022;10;161;129;193;100,0;31;31;0;161;0,0;Totalt i retning Sentrum;-;-;-;-;-;-;-;-
38973B1816966;Tverrforbindelsen sykkel;EV8 S1D100 m2352;2022-10-01T00:00+02:00;2022-11-01T00:00+01:00;2022;10;164;130;198;100,0;31;31;0;164;0,0;Totalt i retning Giæverbukta;-;-;-;-;-;-;-;-
38973B1816966;Tverrforbindelsen sykkel;EV8 S1D100 m2352;2022-10-01T00:00+02:00;2022-11-01T00:00+01:00;2022;10;326;260;392;100,0;31;31;0;326;0,0;Totalt;-;-;-;-;-;-;-;-
38973B1816966;Tverrforbindelsen sykkel;EV8 S1D100 m2352;2022-11-01T00:00+01:00;2022-12-01T00:00+01:00;2022;11;172;141;203;100,0;30;30;0;172;0,0;1;-;-;-;-;-;-;-;-
38973B1816966;Tverrforbindelsen sykkel;EV8 S1D100 m2352;2022-11-01T00:00+01:00;2022-12-01T00:00+01:00;2022;11;174;142;206;100,0;30;30;0;174;0,0;2;-;-;-;-;-;-;-;-
38973B1816966;Tverrforbindelsen sykkel;EV8 S1D100 m2352;2022-11-01T00:00+01:00;2022-12-01T00:00+01:00;2022;11;172;141;203;100,0;30;30;0;172;0,0;Totalt i retning Sentrum;-;-;-;-;-;-;-;-
38973B1816966;Tverrforbindelsen sykkel;EV8 S1D100 m2352;2022-11-01T00:00+01:00;2022-12-01T00:00+01:00;2022;11;174;142;206;100,0;30;30;0;174;0,0;Totalt i retning Giæverbukta;-;-;-;-;-;-;-;-
38973B1816966;Tverrforbindelsen sykkel;EV8 S1D100 m2352;2022-11-01T00:00+01:00;2022-12-01T00:00+01:00;2022;11;346;283;409;100,0;30;30;0;346;0,0;Totalt;-;-;-;-;-;-;-;-
38973B1816966;Tverrforbindelsen sykkel;EV8 S1D100 m2352;2022-12-01T00:00+01:00;2023-01-01T00:00+01:00;2022;12;107;81;133;100,0;31;31;0;107;0,0;1;-;-;-;-;-;-;-;-
38973B1816966;Tverrforbindelsen sykkel;EV8 S1D100 m2352;2022-12-01T00:00+01:00;2023-01-01T00:00+01:00;2022;12;107;80;134;100,0;31;31;0;107;0,0;2;-;-;-;-;-;-;-;-
38973B1816966;Tverrforbindelsen sykkel;EV8 S1D100 m2352;2022-12-01T00:00+01:00;2023-01-01T00:00+01:00;2022;12;107;81;133;100,0;31;31;0;107;0,0;Totalt i retning Sentrum;-;-;-;-;-;-;-;-
38973B1816966;Tverrforbindelsen sykkel;EV8 S1D100 m2352;2022-12-01T00:00+01:00;2023-01-01T00:00+01:00;2022;12;107;80;134;100,0;31;31;0;107;0,0;Totalt i retning Giæverbukta;-;-;-;-;-;-;-;-
38973B1816966;Tverrforbindelsen sykkel;EV8 S1D100 m2352;2022-12-01T00:00+01:00;2023-01-01T00:00+01:00;2022;12;215;162;268;100,0;31;31;0;215;0,0;Totalt;-;-;-;-;-;-;-;-
38973B1816966;Tverrforbindelsen sykkel;EV8 S1D100 m2352;2023-01-01T00:00+01:00;2023-02-01T00:00+01:00;2023;1;183;145;221;100,0;31;31;0;183;0,0;1;-;-;-;-;-;-;-;-
38973B1816966;Tverrforbindelsen sykkel;EV8 S1D100 m2352;2023-01-01T00:00+01:00;2023-02-01T00:00+01:00;2023;1;187;149;225;100,0;31;31;0;187;0,0;2;-;-;-;-;-;-;-;-
38973B1816966;Tverrforbindelsen sykkel;EV8 S1D100 m2352;2023-01-01T00:00+01:00;2023-02-01T00:00+01:00;2023;1;183;145;221;100,0;31;31;0;183;0,0;Totalt i retning Sentrum;-;-;-;-;-;-;-;-
38973B1816966;Tverrforbindelsen sykkel;EV8 S1D100 m2352;2023-01-01T00:00+01:00;2023-02-01T00:00+01:00;2023;1;187;149;225;100,0;31;31;0;187;0,0;Totalt i retning Giæverbukta;-;-;-;-;-;-;-;-
38973B1816966;Tverrforbindelsen sykkel;EV8 S1D100 m2352;2023-01-01T00:00+01:00;2023-02-01T00:00+01:00;2023;1;370;294;446;100,0;31;31;0;370;0,0;Totalt;-;-;-;-;-;-;-;-
38973B1816966;Tverrforbindelsen sykkel;EV8 S1D100 m2352;2023-02-01T00:00+01:00;2023-03-01T00:00+01:00;2023;2;152;121;183;100,0;28;28;0;152;0,0;1;-;-;-;-;-;-;-;-
38973B1816966;Tverrforbindelsen sykkel;EV8 S1D100 m2352;2023-02-01T00:00+01:00;2023-03-01T00:00+01:00;2023;2;156;124;188;100,0;28;28;0;156;0,0;2;-;-;-;-;-;-;-;-
38973B1816966;Tverrforbindelsen sykkel;EV8 S1D100 m2352;2023-02-01T00:00+01:00;2023-03-01T00:00+01:00;2023;2;152;121;183;100,0;28;28;0;152;0,0;Totalt i retning Sentrum;-;-;-;-;-;-;-;-
38973B1816966;Tverrforbindelsen sykkel;EV8 S1D100 m2352;2023-02-01T00:00+01:00;2023-03-01T00:00+01:00;2023;2;156;124;188;100,0;28;28;0;156;0,0;Totalt i retning Giæverbukta;-;-;-;-;-;-;-;-
38973B1816966;Tverrforbindelsen sykkel;EV8 S1D100 m2352;2023-02-01T00:00+01:00;2023-03-01T00:00+01:00;2023;2;308;245;371;100,0;28;28;0;308;0,0;Totalt;-;-;-;-;-;-;-;-
38973B1816966;Tverrforbindelsen sykkel;EV8 S1D100 m2352;2023-03-01T00:00+01:00;2023-04-01T00:00+02:00;2023;3;138;110;166;100,0;31;31;0;138;0,0;1;-;-;-;-;-;-;-;-
38973B1816966;Tverrforbindelsen sykkel;EV8 S1D100 m2352;2023-03-01T00:00+01:00;2023-04-01T00:00+02:00;2023;3;140;111;169;100,0;31;31;0;140;0,0;2;-;-;-;-;-;-;-;-
38973B1816966;Tverrforbindelsen sykkel;EV8 S1D100 m2352;2023-03-01T00:00+01:00;2023-04-01T00:00+02:00;2023;3;138;110;166;100,0;31;31;0;138;0,0;Totalt i retning Sentrum;-;-;-;-;-;-;-;-
38973B1816966;Tverrforbindelsen sykkel;EV8 S1D100 m2352;2023-03-01T00:00+01:00;2023-04-01T00:00+02:00;2023;3;140;111;169;100,0;31;31;0;140;0,0;Totalt i retning Giæverbukta;-;-;-;-;-;-;-;-
38973B1816966;Tverrforbindelsen sykkel;EV8 S1D100 m2352;2023-03-01T00:00+01:00;2023-04-01T00:00+02:00;2023;3;277;220;334;100,0;31;31;0;277;0,0;Totalt;-;-;-;-;-;-;-;-
38973B1816966;Tverrforbindelsen sykkel;EV8 S1D100 m2352;2023-04-01T00:00+02:00;2023-05-01T00:00+02:00;2023;4;160;114;206;100,0;30;30;0;160;0,0;1;-;-;-;-;-;-;-;-
38973B1816966;Tverrforbindelsen sykkel;EV8 S1D100 m2352;2023-04-01T00:00+02:00;2023-05-01T00:00+02:00;2023;4;166;118;214;100,0;30;30;0;166;0,0;2;-;-;-;-;-;-;-;-
38973B1816966;Tverrforbindelsen sykkel;EV8 S1D100 m2352;2023-04-01T00:00+02:00;2023-05-01T00:00+02:00;2023;4;160;114;206;100,0;30;30;0;160;0,0;Totalt i retning Sentrum;-;-;-;-;-;-;-;-
38973B1816966;Tverrforbindelsen sykkel;EV8 S1D100 m2352;2023-04-01T00:00+02:00;2023-05-01T00:00+02:00;2023;4;166;118;214;100,0;30;30;0;166;0,0;Totalt i retning Giæverbukta;-;-;-;-;-;-;-;-
38973B1816966;Tverrforbindelsen sykkel;EV8 S1D100 m2352;2023-04-01T00:00+02:00;2023-05-01T00:00+02:00;2023;4;326;232;420;100,0;30;30;0;326;0,0;Totalt;-;-;-;-;-;-;-;-
77458B2378328;Ringvegen;KV30790 S2D1 m4402;2022-01-01T00:00+01:00;2022-02-01T00:00+01:00;2022;1;21;17;25;100,0;31;31;0;21;0,0;1;-;-;-;-;-;-;-;-
77458B2378328;Ringvegen;KV30790 S2D1 m4402;2022-01-01T00:00+01:00;2022-02-01T00:00+01:00;2022;1;18;14;22;100,0;31;31;0;18;0,0;2;-;-;-;-;-;-;-;-
77458B2378328;Ringvegen;KV30790 S2D1 m4402;2022-01-01T00:00+01:00;2022-02-01T00:00+01:00;2022;1;18;14;22;100,0;31;31;0;18;0,0;Totalt i retning Bergli/Hamna;-;-;-;-;-;-;-;-
77458B2378328;Ringvegen;KV30790 S2D1 m4402;2022-01-01T00:00+01:00;2022-02-01T00:00+01:00;2022;1;21;17;25;100,0;31;31;0;21;0,0;Totalt i retning X Ørnevegen/Ringvegen;-;-;-;-;-;-;-;-
77458B2378328;Ringvegen;KV30790 S2D1 m4402;2022-01-01T00:00+01:00;2022-02-01T00:00+01:00;2022;1;39;31;47;100,0;31;31;0;39;0,0;Totalt;-;-;-;-;-;-;-;-
77458B2378328;Ringvegen;KV30790 S2D1 m4402;2022-02-01T00:00+01:00;2022-03-01T00:00+01:00;2022;2;24;19;29;100,0;28;28;0;24;0,0;1;-;-;-;-;-;-;-;-
77458B2378328;Ringvegen;KV30790 S2D1 m4402;2022-02-01T00:00+01:00;2022-03-01T00:00+01:00;2022;2;21;16;26;100,0;28;28;0;21;0,0;2;-;-;-;-;-;-;-;-
77458B2378328;Ringvegen;KV30790 S2D1 m4402;2022-02-01T00:00+01:00;2022-03-01T00:00+01:00;2022;2;21;16;26;100,0;28;28;0;21;0,0;Totalt i retning Bergli/Hamna;-;-;-;-;-;-;-;-
77458B2378328;Ringvegen;KV30790 S2D1 m4402;2022-02-01T00:00+01:00;2022-03-01T00:00+01:00;2022;2;24;19;29;100,0;28;28;0;24;0,0;Totalt i retning X Ørnevegen/Ringvegen;-;-;-;-;-;-;-;-
77458B2378328;Ringvegen;KV30790 S2D1 m4402;2022-02-01T00:00+01:00;2022-03-01T00:00+01:00;2022;2;44;35;53;100,0;28;28;0;44;0,0;Totalt;-;-;-;-;-;-;-;-
77458B2378328;Ringvegen;KV30790 S2D1 m4402;2022-03-01T00:00+01:00;2022-04-01T00:00+02:00;2022;3;36;29;43;100,0;31;31;0;36;0,0;1;-;-;-;-;-;-;-;-
77458B2378328;Ringvegen;KV30790 S2D1 m4402;2022-03-01T00:00+01:00;2022-04-01T00:00+02:00;2022;3;34;28;40;100,0;31;31;0;34;0,0;2;-;-;-;-;-;-;-;-
77458B2378328;Ringvegen;KV30790 S2D1 m4402;2022-03-01T00:00+01:00;2022-04-01T00:00+02:00;2022;3;34;28;40;100,0;31;31;0;34;0,0;Totalt i retning Bergli/Hamna;-;-;-;-;-;-;-;-
77458B2378328;Ringvegen;KV30790 S2D1 m4402;2022-03-01T00:00+01:00;2022-04-01T00:00+02:00;2022;3;36;29;43;100,0;31;31;0;36;0,0;Totalt i retning X Ørnevegen/Ringvegen;-;-;-;-;-;-;-;-
77458B2378328;Ringvegen;KV30790 S2D1 m4402;2022-03-01T00:00+01:00;2022-04-01T00:00+02:00;2022;3;71;58;84;100,0;31;31;0;71;0,0;Totalt;-;-;-;-;-;-;-;-
77458B2378328;Ringvegen;KV30790 S2D1 m4402;2022-04-01T00:00+02:00;2022-05-01T00:00+02:00;2022;4;47;34;60;100,0;30;30;0;47;0,0;1;-;-;-;-;-;-;-;-
77458B2378328;Ringvegen;KV30790 S2D1 m4402;2022-04-01T00:00+02:00;2022-05-01T00:00+02:00;2022;4;46;33;59;100,0;30;30;0;46;0,0;2;-;-;-;-;-;-;-;-
77458B2378328;Ringvegen;KV30790 S2D1 m4402;2022-04-01T00:00+02:00;2022-05-01T00:00+02:00;2022;4;46;33;59;100,0;30;30;0;46;0,0;Totalt i retning Bergli/Hamna;-;-;-;-;-;-;-;-
77458B2378328;Ringvegen;KV30790 S2D1 m4402;2022-04-01T00:00+02:00;2022-05-01T00:00+02:00;2022;4;47;34;60;100,0;30;30;0;47;0,0;Totalt i retning X Ørnevegen/Ringvegen;-;-;-;-;-;-;-;-
77458B2378328;Ringvegen;KV30790 S2D1 m4402;2022-04-01T00:00+02:00;2022-05-01T00:00+02:00;2022;4;94;68;120;100,0;30;30;0;94;0,0;Totalt;-;-;-;-;-;-;-;-
77458B2378328;Ringvegen;KV30790 S2D1 m4402;2022-05-01T00:00+02:00;2022-06-01T00:00+02:00;2022;5;90;71;109;100,0;31;31;0;90;0,0;1;-;-;-;-;-;-;-;-
77458B2378328;Ringvegen;KV30790 S2D1 m4402;2022-05-01T00:00+02:00;2022-06-01T00:00+02:00;2022;5;90;71;109;100,0;31;31;0;90;0,0;2;-;-;-;-;-;-;-;-
77458B2378328;Ringvegen;KV30790 S2D1 m4402;2022-05-01T00:00+02:00;2022-06-01T00:00+02:00;2022;5;90;71;109;100,0;31;31;0;90;0,0;Totalt i retning Bergli/Hamna;-;-;-;-;-;-;-;-
77458B2378328;Ringvegen;KV30790 S2D1 m4402;2022-05-01T00:00+02:00;2022-06-01T00:00+02:00;2022;5;90;71;109;100,0;31;31;0;90;0,0;Totalt i retning X Ørnevegen/Ringvegen;-;-;-;-;-;-;-;-
77458B2378328;Ringvegen;KV30790 S2D1 m4402;2022-05-01T00:00+02:00;2022-06-01T00:00+02:00;2022;5;179;141;217;100,0;31;31;0;179;0,0;Totalt;-;-;-;-;-;-;-;-
77458B2378328;Ringvegen;KV30790 S2D1 m4402;2022-06-01T00:00+02:00;2022-07-01T00:00+02:00;2022;6;106;92;120;100,0;30;30;0;106;0,0;1;-;-;-;-;-;-;-;-
77458B2378328;Ringvegen;KV30790 S2D1 m4402;2022-06-01T00:00+02:00;2022-07-01T00:00+02:00;2022;6;105;91;119;100,0;30;30;0;105;0,0;2;-;-;-;-;-;-;-;-
77458B2378328;Ringvegen;KV30790 S2D1 m4402;2022-06-01T00:00+02:00;2022-07-01T00:00+02:00;2022;6;105;91;119;100,0;30;30;0;105;0,0;Totalt i retning Bergli/Hamna;-;-;-;-;-;-;-;-
77458B2378328;Ringvegen;KV30790 S2D1 m4402;2022-06-01T00:00+02:00;2022-07-01T00:00+02:00;2022;6;106;92;120;100,0;30;30;0;106;0,0;Totalt i retning X Ørnevegen/Ringvegen;-;-;-;-;-;-;-;-
77458B2378328;Ringvegen;KV30790 S2D1 m4402;2022-06-01T00:00+02:00;2022-07-01T00:00+02:00;2022;6;211;184;238;100,0;30;30;0;211;0,0;Totalt;-;-;-;-;-;-;-;-
77458B2378328;Ringvegen;KV30790 S2D1 m4402;2022-07-01T00:00+02:00;2022-08-01T00:00+02:00;2022;7;62;53;71;100,0;31;31;0;62;0,0;1;-;-;-;-;-;-;-;-
77458B2378328;Ringvegen;KV30790 S2D1 m4402;2022-07-01T00:00+02:00;2022-08-01T00:00+02:00;2022;7;62;53;71;100,0;31;31;0;62;0,0;2;-;-;-;-;-;-;-;-
77458B2378328;Ringvegen;KV30790 S2D1 m4402;2022-07-01T00:00+02:00;2022-08-01T00:00+02:00;2022;7;62;53;71;100,0;31;31;0;62;0,0;Totalt i retning Bergli/Hamna;-;-;-;-;-;-;-;-
77458B2378328;Ringvegen;KV30790 S2D1 m4402;2022-07-01T00:00+02:00;2022-08-01T00:00+02:00;2022;7;62;53;71;100,0;31;31;0;62;0,0;Totalt i retning X Ørnevegen/Ringvegen;-;-;-;-;-;-;-;-
77458B2378328;Ringvegen;KV30790 S2D1 m4402;2022-07-01T00:00+02:00;2022-08-01T00:00+02:00;2022;7;124;106;142;100,0;31;31;0;124;0,0;Totalt;-;-;-;-;-;-;-;-
77458B2378328;Ringvegen;KV30790 S2D1 m4402;2022-08-01T00:00+02:00;2022-09-01T00:00+02:00;2022;8;81;68;94;100,0;31;31;0;81;0,0;1;-;-;-;-;-;-;-;-
77458B2378328;Ringvegen;KV30790 S2D1 m4402;2022-08-01T00:00+02:00;2022-09-01T00:00+02:00;2022;8;85;71;99;100,0;31;31;0;85;0,0;2;-;-;-;-;-;-;-;-
77458B2378328;Ringvegen;KV30790 S2D1 m4402;2022-08-01T00:00+02:00;2022-09-01T00:00+02:00;2022;8;85;71;99;100,0;31;31;0;85;0,0;Totalt i retning Bergli/Hamna;-;-;-;-;-;-;-;-
77458B2378328;Ringvegen;KV30790 S2D1 m4402;2022-08-01T00:00+02:00;2022-09-01T00:00+02:00;2022;8;81;68;94;100,0;31;31;0;81;0,0;Totalt i retning X Ørnevegen/Ringvegen;-;-;-;-;-;-;-;-
77458B2378328;Ringvegen;KV30790 S2D1 m4402;2022-08-01T00:00+02:00;2022-09-01T00:00+02:00;2022;8;165;138;192;100,0;31;31;0;165;0,0;Totalt;-;-;-;-;-;-;-;-
77458B2378328;Ringvegen;KV30790 S2D1 m4402;2022-09-01T00:00+02:00;2022-10-01T00:00+02:00;2022;9;88;78;98;100,0;30;30;0;88;0,0;1;-;-;-;-;-;-;-;-
77458B2378328;Ringvegen;KV30790 S2D1 m4402;2022-09-01T00:00+02:00;2022-10-01T00:00+02:00;2022;9;87;77;97;100,0;30;30;0;87;0,0;2;-;-;-;-;-;-;-;-
77458B2378328;Ringvegen;KV30790 S2D1 m4402;2022-09-01T00:00+02:00;2022-10-01T00:00+02:00;2022;9;87;77;97;100,0;30;30;0;87;0,0;Totalt i retning Bergli/Hamna;-;-;-;-;-;-;-;-
77458B2378328;Ringvegen;KV30790 S2D1 m4402;2022-09-01T00:00+02:00;2022-10-01T00:00+02:00;2022;9;88;78;98;100,0;30;30;0;88;0,0;Totalt i retning X Ørnevegen/Ringvegen;-;-;-;-;-;-;-;-
77458B2378328;Ringvegen;KV30790 S2D1 m4402;2022-09-01T00:00+02:00;2022-10-01T00:00+02:00;2022;9;175;155;195;100,0;30;30;0;175;0,0;Totalt;-;-;-;-;-;-;-;-
77458B2378328;Ringvegen;KV30790 S2D1 m4402;2022-10-01T00:00+02:00;2022-11-01T00:00+01:00;2022;10;53;44;62;100,0;31;31;0;53;0,0;1;-;-;-;-;-;-;-;-
77458B2378328;Ringvegen;KV30790 S2D1 m4402;2022-10-01T00:00+02:00;2022-11-01T00:00+01:00;2022;10;54;46;62;100,0;31;31;0;54;0,0;2;-;-;-;-;-;-;-;-
77458B2378328;Ringvegen;KV30790 S2D1 m4402;2022-10-01T00:00+02:00;2022-11-01T00:00+01:00;2022;10;54;46;62;100,0;31;31;0;54;0,0;Totalt i retning Bergli/Hamna;-;-;-;-;-;-;-;-
77458B2378328;Ringvegen;KV30790 S2D1 m4402;2022-10-01T00:00+02:00;2022-11-01T00:00+01:00;2022;10;53;44;62;100,0;31;31;0;53;0,0;Totalt i retning X Ørnevegen/Ringvegen;-;-;-;-;-;-;-;-
77458B2378328;Ringvegen;KV30790 S2D1 m4402;2022-10-01T00:00+02:00;2022-11-01T00:00+01:00;2022;10;107;89;125;100,0;31;31;0;107;0,0;Totalt;-;-;-;-;-;-;-;-
77458B2378328;Ringvegen;KV30790 S2D1 m4402;2022-11-01T00:00+01:00;2022-12-01T00:00+01:00;2022;11;49;41;57;100,0;30;30;0;49;0,0;1;-;-;-;-;-;-;-;-
77458B2378328;Ringvegen;KV30790 S2D1 m4402;2022-11-01T00:00+01:00;2022-12-01T00:00+01:00;2022;11;49;41;57;100,0;30;30;0;49;0,0;2;-;-;-;-;-;-;-;-
77458B2378328;Ringvegen;KV30790 S2D1 m4402;2022-11-01T00:00+01:00;2022-12-01T00:00+01:00;2022;11;49;41;57;100,0;30;30;0;49;0,0;Totalt i retning Bergli/Hamna;-;-;-;-;-;-;-;-
77458B2378328;Ringvegen;KV30790 S2D1 m4402;2022-11-01T00:00+01:00;2022-12-01T00:00+01:00;2022;11;49;41;57;100,0;30;30;0;49;0,0;Totalt i retning X Ørnevegen/Ringvegen;-;-;-;-;-;-;-;-
77458B2378328;Ringvegen;KV30790 S2D1 m4402;2022-11-01T00:00+01:00;2022-12-01T00:00+01:00;2022;11;98;83;113;100,0;30;30;0;98;0,0;Totalt;-;-;-;-;-;-;-;-
77458B2378328;Ringvegen;KV30790 S2D1 m4402;2022-12-01T00:00+01:00;2023-01-01T00:00+01:00;2022;12;32;25;39;100,0;31;31;0;32;0,0;1;-;-;-;-;-;-;-;-
77458B2378328;Ringvegen;KV30790 S2D1 m4402;2022-12-01T00:00+01:00;2023-01-01T00:00+01:00;2022;12;33;26;40;100,0;31;31;0;33;0,0;2;-;-;-;-;-;-;-;-
77458B2378328;Ringvegen;KV30790 S2D1 m4402;2022-12-01T00:00+01:00;2023-01-01T00:00+01:00;2022;12;33;26;40;100,0;31;31;0;33;0,0;Totalt i retning Bergli/Hamna;-;-;-;-;-;-;-;-
77458B2378328;Ringvegen;KV30790 S2D1 m4402;2022-12-01T00:00+01:00;2023-01-01T00:00+01:00;2022;12;32;25;39;100,0;31;31;0;32;0,0;Totalt i retning X Ørnevegen/Ringvegen;-;-;-;-;-;-;-;-
77458B2378328;Ringvegen;KV30790 S2D1 m4402;2022-12-01T00:00+01:00;2023-01-01T00:00+01:00;2022;12;65;52;78;100,0;31;31;0;65;0,0;Totalt;-;-;-;-;-;-;-;-
77458B2378328;Ringvegen;KV30790 S2D1 m4402;2023-01-01T00:00+01:00;2023-02-01T00:00+01:00;2023;1;50;41;59;100,0;31;31;0;50;0,0;1;-;-;-;-;-;-;-;-
77458B2378328;Ringvegen;KV30790 S2D1 m4402;2023-01-01T00:00+01:00;2023-02-01T00:00+01:00;2023;1;50;41;59;100,0;31;31;0;50;0,0;2;-;-;-;-;-;-;-;-
77458B2378328;Ringvegen;KV30790 S2D1 m4402;2023-01-01T00:00+01:00;2023-02-01T00:00+01:00;2023;1;50;41;59;100,0;31;31;0;50;0,0;Totalt i retning Bergli/Hamna;-;-;-;-;-;-;-;-
77458B2378328;Ringvegen;KV30790 S2D1 m4402;2023-01-01T00:00+01:00;2023-02-01T00:00+01:00;2023;1;50;41;59;100,0;31;31;0;50;0,0;Totalt i retning X Ørnevegen/Ringvegen;-;-;-;-;-;-;-;-
77458B2378328;Ringvegen;KV30790 S2D1 m4402;2023-01-01T00:00+01:00;2023-02-01T00:00+01:00;2023;1;100;82;118;100,0;31;31;0;100;0,0;Totalt;-;-;-;-;-;-;-;-
77458B2378328;Ringvegen;KV30790 S2D1 m4402;2023-02-01T00:00+01:00;2023-03-01T00:00+01:00;2023;2;47;36;58;100,0;28;28;0;47;0,0;1;-;-;-;-;-;-;-;-
77458B2378328;Ringvegen;KV30790 S2D1 m4402;2023-02-01T00:00+01:00;2023-03-01T00:00+01:00;2023;2;45;35;55;100,0;28;28;0;45;0,0;2;-;-;-;-;-;-;-;-
77458B2378328;Ringvegen;KV30790 S2D1 m4402;2023-02-01T00:00+01:00;2023-03-01T00:00+01:00;2023;2;45;35;55;100,0;28;28;0;45;0,0;Totalt i retning Bergli/Hamna;-;-;-;-;-;-;-;-
77458B2378328;Ringvegen;KV30790 S2D1 m4402;2023-02-01T00:00+01:00;2023-03-01T00:00+01:00;2023;2;47;36;58;100,0;28;28;0;47;0,0;Totalt i retning X Ørnevegen/Ringvegen;-;-;-;-;-;-;-;-
77458B2378328;Ringvegen;KV30790 S2D1 m4402;2023-02-01T00:00+01:00;2023-03-01T00:00+01:00;2023;2;92;72;112;100,0;28;28;0;92;0,0;Totalt;-;-;-;-;-;-;-;-
77458B2378328;Ringvegen;KV30790 S2D1 m4402;2023-03-01T00:00+01:00;2023-04-01T00:00+02:00;2023;3;35;28;42;100,0;31;31;0;35;0,0;1;-;-;-;-;-;-;-;-
77458B2378328;Ringvegen;KV30790 S2D1 m4402;2023-03-01T00:00+01:00;2023-04-01T00:00+02:00;2023;3;35;29;41;100,0;31;31;0;35;0,0;2;-;-;-;-;-;-;-;-
77458B2378328;Ringvegen;KV30790 S2D1 m4402;2023-03-01T00:00+01:00;2023-04-01T00:00+02:00;2023;3;35;29;41;100,0;31;31;0;35;0,0;Totalt i retning Bergli/Hamna;-;-;-;-;-;-;-;-
77458B2378328;Ringvegen;KV30790 S2D1 m4402;2023-03-01T00:00+01:00;2023-04-01T00:00+02:00;2023;3;35;28;42;100,0;31;31;0;35;0,0;Totalt i retning X Ørnevegen/Ringvegen;-;-;-;-;-;-;-;-
77458B2378328;Ringvegen;KV30790 S2D1 m4402;2023-03-01T00:00+01:00;2023-04-01T00:00+02:00;2023;3;70;57;83;100,0;31;31;0;70;0,0;Totalt;-;-;-;-;-;-;-;-
77458B2378328;Ringvegen;KV30790 S2D1 m4402;2023-04-01T00:00+02:00;2023-05-01T00:00+02:00;2023;4;64;47;81;100,0;30;30;0;64;0,0;1;-;-;-;-;-;-;-;-
77458B2378328;Ringvegen;KV30790 S2D1 m4402;2023-04-01T00:00+02:00;2023-05-01T00:00+02:00;2023;4;65;47;83;100,0;30;30;0;65;0,0;2;-;-;-;-;-;-;-;-
77458B2378328;Ringvegen;KV30790 S2D1 m4402;2023-04-01T00:00+02:00;2023-05-01T00:00+02:00;2023;4;65;47;83;100,0;30;30;0;65;0,0;Totalt i retning Bergli/Hamna;-;-;-;-;-;-;-;-
77458B2378328;Ringvegen;KV30790 S2D1 m4402;2023-04-01T00:00+02:00;2023-05-01T00:00+02:00;2023;4;64;47;81;100,0;30;30;0;64;0,0;Totalt i retning X Ørnevegen/Ringvegen;-;-;-;-;-;-;-;-
77458B2378328;Ringvegen;KV30790 S2D1 m4402;2023-04-01T00:00+02:00;2023-05-01T00:00+02:00;2023;4;129;94;164;100,0;30;30;0;129;0,0;Totalt;-;-;-;-;-;-;-;-
79978B1125914;Tromsøbrua sykkel;FV862 S1D1 m1710;2022-01-01T00:00+01:00;2022-02-01T00:00+01:00;2022;1;100;80;120;100,0;31;31;0;100;0,0;1;-;-;-;-;-;-;-;-
79978B1125914;Tromsøbrua sykkel;FV862 S1D1 m1710;2022-01-01T00:00+01:00;2022-02-01T00:00+01:00;2022;1;97;77;117;100,0;31;31;0;97;0,0;2;-;-;-;-;-;-;-;-
79978B1125914;Tromsøbrua sykkel;FV862 S1D1 m1710;2022-01-01T00:00+01:00;2022-02-01T00:00+01:00;2022;1;97;77;117;100,0;31;31;0;97;0,0;Totalt i retning Tromsdalen;-;-;-;-;-;-;-;-
79978B1125914;Tromsøbrua sykkel;FV862 S1D1 m1710;2022-01-01T00:00+01:00;2022-02-01T00:00+01:00;2022;1;100;80;120;100,0;31;31;0;100;0,0;Totalt i retning Sentrum;-;-;-;-;-;-;-;-
79978B1125914;Tromsøbrua sykkel;FV862 S1D1 m1710;2022-01-01T00:00+01:00;2022-02-01T00:00+01:00;2022;1;197;157;237;100,0;31;31;0;197;0,0;Totalt;-;-;-;-;-;-;-;-
79978B1125914;Tromsøbrua sykkel;FV862 S1D1 m1710;2022-02-01T00:00+01:00;2022-03-01T00:00+01:00;2022;2;104;84;124;100,0;28;28;0;104;0,0;1;-;-;-;-;-;-;-;-
79978B1125914;Tromsøbrua sykkel;FV862 S1D1 m1710;2022-02-01T00:00+01:00;2022-03-01T00:00+01:00;2022;2;94;75;113;100,0;28;28;0;94;0,0;2;-;-;-;-;-;-;-;-
79978B1125914;Tromsøbrua sykkel;FV862 S1D1 m1710;2022-02-01T00:00+01:00;2022-03-01T00:00+01:00;2022;2;94;75;113;100,0;28;28;0;94;0,0;Totalt i retning Tromsdalen;-;-;-;-;-;-;-;-
79978B1125914;Tromsøbrua sykkel;FV862 S1D1 m1710;2022-02-01T00:00+01:00;2022-03-01T00:00+01:00;2022;2;104;84;124;100,0;28;28;0;104;0,0;Totalt i retning Sentrum;-;-;-;-;-;-;-;-
79978B1125914;Tromsøbrua sykkel;FV862 S1D1 m1710;2022-02-01T00:00+01:00;2022-03-01T00:00+01:00;2022;2;198;159;237;100,0;28;28;0;198;0,0;Totalt;-;-;-;-;-;-;-;-
79978B1125914;Tromsøbrua sykkel;FV862 S1D1 m1710;2022-03-01T00:00+01:00;2022-04-01T00:00+02:00;2022;3;156;130;182;100,0;31;31;0;156;0,0;1;-;-;-;-;-;-;-;-
79978B1125914;Tromsøbrua sykkel;FV862 S1D1 m1710;2022-03-01T00:00+01:00;2022-04-01T00:00+02:00;2022;3;156;130;182;100,0;31;31;0;156;0,0;2;-;-;-;-;-;-;-;-
79978B1125914;Tromsøbrua sykkel;FV862 S1D1 m1710;2022-03-01T00:00+01:00;2022-04-01T00:00+02:00;2022;3;156;130;182;100,0;31;31;0;156;0,0;Totalt i retning Tromsdalen;-;-;-;-;-;-;-;-
79978B1125914;Tromsøbrua sykkel;FV862 S1D1 m1710;2022-03-01T00:00+01:00;2022-04-01T00:00+02:00;2022;3;156;130;182;100,0;31;31;0;156;0,0;Totalt i retning Sentrum;-;-;-;-;-;-;-;-
79978B1125914;Tromsøbrua sykkel;FV862 S1D1 m1710;2022-03-01T00:00+01:00;2022-04-01T00:00+02:00;2022;3;312;259;365;100,0;31;31;0;312;0,0;Totalt;-;-;-;-;-;-;-;-
79978B1125914;Tromsøbrua sykkel;FV862 S1D1 m1710;2022-04-01T00:00+02:00;2022-05-01T00:00+02:00;2022;4;162;124;200;100,0;30;30;0;162;0,0;1;-;-;-;-;-;-;-;-
79978B1125914;Tromsøbrua sykkel;FV862 S1D1 m1710;2022-04-01T00:00+02:00;2022-05-01T00:00+02:00;2022;4;163;125;201;100,0;30;30;0;163;0,0;2;-;-;-;-;-;-;-;-
79978B1125914;Tromsøbrua sykkel;FV862 S1D1 m1710;2022-04-01T00:00+02:00;2022-05-01T00:00+02:00;2022;4;163;125;201;100,0;30;30;0;163;0,0;Totalt i retning Tromsdalen;-;-;-;-;-;-;-;-
79978B1125914;Tromsøbrua sykkel;FV862 S1D1 m1710;2022-04-01T00:00+02:00;2022-05-01T00:00+02:00;2022;4;162;124;200;100,0;30;30;0;162;0,0;Totalt i retning Sentrum;-;-;-;-;-;-;-;-
79978B1125914;Tromsøbrua sykkel;FV862 S1D1 m1710;2022-04-01T00:00+02:00;2022-05-01T00:00+02:00;2022;4;326;250;402;100,0;30;30;0;326;0,0;Totalt;-;-;-;-;-;-;-;-
79978B1125914;Tromsøbrua sykkel;FV862 S1D1 m1710;2022-05-01T00:00+02:00;2022-06-01T00:00+02:00;2022;5;280;216;344;100,0;31;31;0;280;0,0;1;-;-;-;-;-;-;-;-
79978B1125914;Tromsøbrua sykkel;FV862 S1D1 m1710;2022-05-01T00:00+02:00;2022-06-01T00:00+02:00;2022;5;285;219;351;100,0;31;31;0;285;0,0;2;-;-;-;-;-;-;-;-
79978B1125914;Tromsøbrua sykkel;FV862 S1D1 m1710;2022-05-01T00:00+02:00;2022-06-01T00:00+02:00;2022;5;285;219;351;100,0;31;31;0;285;0,0;Totalt i retning Tromsdalen;-;-;-;-;-;-;-;-
79978B1125914;Tromsøbrua sykkel;FV862 S1D1 m1710;2022-05-01T00:00+02:00;2022-06-01T00:00+02:00;2022;5;280;216;344;100,0;31;31;0;280;0,0;Totalt i retning Sentrum;-;-;-;-;-;-;-;-
79978B1125914;Tromsøbrua sykkel;FV862 S1D1 m1710;2022-05-01T00:00+02:00;2022-06-01T00:00+02:00;2022;5;564;434;694;100,0;31;31;0;564;0,0;Totalt;-;-;-;-;-;-;-;-
79978B1125914;Tromsøbrua sykkel;FV862 S1D1 m1710;2022-06-01T00:00+02:00;2022-07-01T00:00+02:00;2022;6;466;408;524;100,0;30;30;0;466;0,0;1;-;-;-;-;-;-;-;-
79978B1125914;Tromsøbrua sykkel;FV862 S1D1 m1710;2022-06-01T00:00+02:00;2022-07-01T00:00+02:00;2022;6;484;425;543;100,0;30;30;0;484;0,0;2;-;-;-;-;-;-;-;-
79978B1125914;Tromsøbrua sykkel;FV862 S1D1 m1710;2022-06-01T00:00+02:00;2022-07-01T00:00+02:00;2022;6;484;425;543;100,0;30;30;0;484;0,0;Totalt i retning Tromsdalen;-;-;-;-;-;-;-;-
79978B1125914;Tromsøbrua sykkel;FV862 S1D1 m1710;2022-06-01T00:00+02:00;2022-07-01T00:00+02:00;2022;6;466;408;524;100,0;30;30;0;466;0,0;Totalt i retning Sentrum;-;-;-;-;-;-;-;-
79978B1125914;Tromsøbrua sykkel;FV862 S1D1 m1710;2022-06-01T00:00+02:00;2022-07-01T00:00+02:00;2022;6;950;832;1068;100,0;30;30;0;950;0,0;Totalt;-;-;-;-;-;-;-;-
79978B1125914;Tromsøbrua sykkel;FV862 S1D1 m1710;2022-07-01T00:00+02:00;2022-08-01T00:00+02:00;2022;7;298;260;336;100,0;31;31;0;298;0,0;1;-;-;-;-;-;-;-;-
79978B1125914;Tromsøbrua sykkel;FV862 S1D1 m1710;2022-07-01T00:00+02:00;2022-08-01T00:00+02:00;2022;7;306;266;346;100,0;31;31;0;306;0,0;2;-;-;-;-;-;-;-;-
79978B1125914;Tromsøbrua sykkel;FV862 S1D1 m1710;2022-07-01T00:00+02:00;2022-08-01T00:00+02:00;2022;7;306;266;346;100,0;31;31;0;306;0,0;Totalt i retning Tromsdalen;-;-;-;-;-;-;-;-
79978B1125914;Tromsøbrua sykkel;FV862 S1D1 m1710;2022-07-01T00:00+02:00;2022-08-01T00:00+02:00;2022;7;298;260;336;100,0;31;31;0;298;0,0;Totalt i retning Sentrum;-;-;-;-;-;-;-;-
79978B1125914;Tromsøbrua sykkel;FV862 S1D1 m1710;2022-07-01T00:00+02:00;2022-08-01T00:00+02:00;2022;7;603;526;680;100,0;31;31;0;603;0,0;Totalt;-;-;-;-;-;-;-;-
79978B1125914;Tromsøbrua sykkel;FV862 S1D1 m1710;2022-08-01T00:00+02:00;2022-09-01T00:00+02:00;2022;8;388;331;445;100,0;31;31;0;388;0,0;1;-;-;-;-;-;-;-;-
79978B1125914;Tromsøbrua sykkel;FV862 S1D1 m1710;2022-08-01T00:00+02:00;2022-09-01T00:00+02:00;2022;8;395;336;454;100,0;31;31;0;395;0,0;2;-;-;-;-;-;-;-;-
79978B1125914;Tromsøbrua sykkel;FV862 S1D1 m1710;2022-08-01T00:00+02:00;2022-09-01T00:00+02:00;2022;8;395;336;454;100,0;31;31;0;395;0,0;Totalt i retning Tromsdalen;-;-;-;-;-;-;-;-
79978B1125914;Tromsøbrua sykkel;FV862 S1D1 m1710;2022-08-01T00:00+02:00;2022-09-01T00:00+02:00;2022;8;388;331;445;100,0;31;31;0;388;0,0;Totalt i retning Sentrum;-;-;-;-;-;-;-;-
79978B1125914;Tromsøbrua sykkel;FV862 S1D1 m1710;2022-08-01T00:00+02:00;2022-09-01T00:00+02:00;2022;8;783;667;899;100,0;31;31;0;783;0,0;Totalt;-;-;-;-;-;-;-;-
79978B1125914;Tromsøbrua sykkel;FV862 S1D1 m1710;2022-09-01T00:00+02:00;2022-10-01T00:00+02:00;2022;9;393;341;445;100,0;30;30;0;393;0,0;1;-;-;-;-;-;-;-;-
79978B1125914;Tromsøbrua sykkel;FV862 S1D1 m1710;2022-09-01T00:00+02:00;2022-10-01T00:00+02:00;2022;9;401;348;454;100,0;30;30;0;401;0,0;2;-;-;-;-;-;-;-;-
79978B1125914;Tromsøbrua sykkel;FV862 S1D1 m1710;2022-09-01T00:00+02:00;2022-10-01T00:00+02:00;2022;9;401;348;454;100,0;30;30;0;401;0,0;Totalt i retning Tromsdalen;-;-;-;-;-;-;-;-
79978B1125914;Tromsøbrua sykkel;FV862 S1D1 m1710;2022-09-01T00:00+02:00;2022-10-01T00:00+02:00;2022;9;393;341;445;100,0;30;30;0;393;0,0;Totalt i retning Sentrum;-;-;-;-;-;-;-;-
79978B1125914;Tromsøbrua sykkel;FV862 S1D1 m1710;2022-09-01T00:00+02:00;2022-10-01T00:00+02:00;2022;9;794;689;899;100,0;30;30;0;794;0,0;Totalt;-;-;-;-;-;-;-;-
79978B1125914;Tromsøbrua sykkel;FV862 S1D1 m1710;2022-10-01T00:00+02:00;2022-11-01T00:00+01:00;2022;10;243;198;288;100,0;31;31;0;243;0,0;1;-;-;-;-;-;-;-;-
79978B1125914;Tromsøbrua sykkel;FV862 S1D1 m1710;2022-10-01T00:00+02:00;2022-11-01T00:00+01:00;2022;10;246;200;292;100,0;31;31;0;246;0,0;2;-;-;-;-;-;-;-;-
79978B1125914;Tromsøbrua sykkel;FV862 S1D1 m1710;2022-10-01T00:00+02:00;2022-11-01T00:00+01:00;2022;10;246;200;292;100,0;31;31;0;246;0,0;Totalt i retning Tromsdalen;-;-;-;-;-;-;-;-
79978B1125914;Tromsøbrua sykkel;FV862 S1D1 m1710;2022-10-01T00:00+02:00;2022-11-01T00:00+01:00;2022;10;243;198;288;100,0;31;31;0;243;0,0;Totalt i retning Sentrum;-;-;-;-;-;-;-;-
79978B1125914;Tromsøbrua sykkel;FV862 S1D1 m1710;2022-10-01T00:00+02:00;2022-11-01T00:00+01:00;2022;10;488;397;579;100,0;31;31;0;488;0,0;Totalt;-;-;-;-;-;-;-;-
79978B1125914;Tromsøbrua sykkel;FV862 S1D1 m1710;2022-11-01T00:00+01:00;2022-12-01T00:00+01:00;2022;11;232;194;270;100,0;30;30;0;232;0,0;1;-;-;-;-;-;-;-;-
79978B1125914;Tromsøbrua sykkel;FV862 S1D1 m1710;2022-11-01T00:00+01:00;2022-12-01T00:00+01:00;2022;11;233;195;271;100,0;30;30;0;233;0,0;2;-;-;-;-;-;-;-;-
79978B1125914;Tromsøbrua sykkel;FV862 S1D1 m1710;2022-11-01T00:00+01:00;2022-12-01T00:00+01:00;2022;11;233;195;271;100,0;30;30;0;233;0,0;Totalt i retning Tromsdalen;-;-;-;-;-;-;-;-
79978B1125914;Tromsøbrua sykkel;FV862 S1D1 m1710;2022-11-01T00:00+01:00;2022-12-01T00:00+01:00;2022;11;232;194;270;100,0;30;30;0;232;0,0;Totalt i retning Sentrum;-;-;-;-;-;-;-;-
79978B1125914;Tromsøbrua sykkel;FV862 S1D1 m1710;2022-11-01T00:00+01:00;2022-12-01T00:00+01:00;2022;11;466;390;542;100,0;30;30;0;466;0,0;Totalt;-;-;-;-;-;-;-;-
79978B1125914;Tromsøbrua sykkel;FV862 S1D1 m1710;2022-12-01T00:00+01:00;2023-01-01T00:00+01:00;2022;12;141;110;172;100,0;31;31;0;141;0,0;1;-;-;-;-;-;-;-;-
79978B1125914;Tromsøbrua sykkel;FV862 S1D1 m1710;2022-12-01T00:00+01:00;2023-01-01T00:00+01:00;2022;12;142;110;174;100,0;31;31;0;142;0,0;2;-;-;-;-;-;-;-;-
79978B1125914;Tromsøbrua sykkel;FV862 S1D1 m1710;2022-12-01T00:00+01:00;2023-01-01T00:00+01:00;2022;12;142;110;174;100,0;31;31;0;142;0,0;Totalt i retning Tromsdalen;-;-;-;-;-;-;-;-
79978B1125914;Tromsøbrua sykkel;FV862 S1D1 m1710;2022-12-01T00:00+01:00;2023-01-01T00:00+01:00;2022;12;141;110;172;100,0;31;31;0;141;0,0;Totalt i retning Sentrum;-;-;-;-;-;-;-;-
79978B1125914;Tromsøbrua sykkel;FV862 S1D1 m1710;2022-12-01T00:00+01:00;2023-01-01T00:00+01:00;2022;12;283;219;347;100,0;31;31;0;283;0,0;Totalt;-;-;-;-;-;-;-;-
79978B1125914;Tromsøbrua sykkel;FV862 S1D1 m1710;2023-01-01T00:00+01:00;2023-02-01T00:00+01:00;2023;1;222;178;266;100,0;31;31;0;222;0,0;1;-;-;-;-;-;-;-;-
79978B1125914;Tromsøbrua sykkel;FV862 S1D1 m1710;2023-01-01T00:00+01:00;2023-02-01T00:00+01:00;2023;1;224;179;269;100,0;31;31;0;224;0,0;2;-;-;-;-;-;-;-;-
79978B1125914;Tromsøbrua sykkel;FV862 S1D1 m1710;2023-01-01T00:00+01:00;2023-02-01T00:00+01:00;2023;1;224;179;269;100,0;31;31;0;224;0,0;Totalt i retning Tromsdalen;-;-;-;-;-;-;-;-
79978B1125914;Tromsøbrua sykkel;FV862 S1D1 m1710;2023-01-01T00:00+01:00;2023-02-01T00:00+01:00;2023;1;222;178;266;100,0;31;31;0;222;0,0;Totalt i retning Sentrum;-;-;-;-;-;-;-;-
79978B1125914;Tromsøbrua sykkel;FV862 S1D1 m1710;2023-01-01T00:00+01:00;2023-02-01T00:00+01:00;2023;1;446;357;535;100,0;31;31;0;446;0,0;Totalt;-;-;-;-;-;-;-;-
79978B1125914;Tromsøbrua sykkel;FV862 S1D1 m1710;2023-02-01T00:00+01:00;2023-03-01T00:00+01:00;2023;2;187;147;227;100,0;28;28;0;187;0,0;1;-;-;-;-;-;-;-;-
79978B1125914;Tromsøbrua sykkel;FV862 S1D1 m1710;2023-02-01T00:00+01:00;2023-03-01T00:00+01:00;2023;2;188;149;227;100,0;28;28;0;188;0,0;2;-;-;-;-;-;-;-;-
79978B1125914;Tromsøbrua sykkel;FV862 S1D1 m1710;2023-02-01T00:00+01:00;2023-03-01T00:00+01:00;2023;2;188;149;227;100,0;28;28;0;188;0,0;Totalt i retning Tromsdalen;-;-;-;-;-;-;-;-
79978B1125914;Tromsøbrua sykkel;FV862 S1D1 m1710;2023-02-01T00:00+01:00;2023-03-01T00:00+01:00;2023;2;187;147;227;100,0;28;28;0;187;0,0;Totalt i retning Sentrum;-;-;-;-;-;-;-;-
79978B1125914;Tromsøbrua sykkel;FV862 S1D1 m1710;2023-02-01T00:00+01:00;2023-03-01T00:00+01:00;2023;2;375;296;454;100,0;28;28;0;375;0,0;Totalt;-;-;-;-;-;-;-;-
79978B1125914;Tromsøbrua sykkel;FV862 S1D1 m1710;2023-03-01T00:00+01:00;2023-04-01T00:00+02:00;2023;3;101;76;126;100,0;31;31;0;101;0,0;1;-;-;-;-;-;-;-;-
79978B1125914;Tromsøbrua sykkel;FV862 S1D1 m1710;2023-03-01T00:00+01:00;2023-04-01T00:00+02:00;2023;3;101;76;126;100,0;31;31;0;101;0,0;2;-;-;-;-;-;-;-;-
79978B1125914;Tromsøbrua sykkel;FV862 S1D1 m1710;2023-03-01T00:00+01:00;2023-04-01T00:00+02:00;2023;3;101;76;126;100,0;31;31;0;101;0,0;Totalt i retning Tromsdalen;-;-;-;-;-;-;-;-
79978B1125914;Tromsøbrua sykkel;FV862 S1D1 m1710;2023-03-01T00:00+01:00;2023-04-01T00:00+02:00;2023;3;101;76;126;100,0;31;31;0;101;0,0;Totalt i retning Sentrum;-;-;-;-;-;-;-;-
79978B1125914;Tromsøbrua sykkel;FV862 S1D1 m1710;2023-03-01T00:00+01:00;2023-04-01T00:00+02:00;2023;3;202;152;252;100,0;31;31;0;202;0,0;Totalt;-;-;-;-;-;-;-;-
79978B1125914;Tromsøbrua sykkel;FV862 S1D1 m1710;2023-04-01T00:00+02:00;2023-05-01T00:00+02:00;2023;4;213;153;273;100,0;30;30;0;213;0,0;1;-;-;-;-;-;-;-;-
79978B1125914;Tromsøbrua sykkel;FV862 S1D1 m1710;2023-04-01T00:00+02:00;2023-05-01T00:00+02:00;2023;4;212;152;272;100,0;30;30;0;212;0,0;2;-;-;-;-;-;-;-;-
79978B1125914;Tromsøbrua sykkel;FV862 S1D1 m1710;2023-04-01T00:00+02:00;2023-05-01T00:00+02:00;2023;4;212;152;272;100,0;30;30;0;212;0,0;Totalt i retning Tromsdalen;-;-;-;-;-;-;-;-
79978B1125914;Tromsøbrua sykkel;FV862 S1D1 m1710;2023-04-01T00:00+02:00;2023-05-01T00:00+02:00;2023;4;213;153;273;100,0;30;30;0;213;0,0;Totalt i retning Sentrum;-;-;-;-;-;-;-;-
79978B1125914;Tromsøbrua sykkel;FV862 S1D1 m1710;2023-04-01T00:00+02:00;2023-05-01T00:00+02:00;2023;4;424;304;544;100,0;30;30;0;424;0,0;Totalt;-;-;-;-;-;-;-;-
95912B1818982;Breivika sykkel;EV8 S2D100 m29;2022-01-01T00:00+01:00;2022-02-01T00:00+01:00;2022;1;47;37;57;100,0;31;31;0;47;0,0;1;-;-;-;-;-;-;-;-
95912B1818982;Breivika sykkel;EV8 S2D100 m29;2022-01-01T00:00+01:00;2022-02-01T00:00+01:00;2022;1;29;23;35;100,0;31;31;0;29;0,0;2;-;-;-;-;-;-;-;-
95912B1818982;Breivika sykkel;EV8 S2D100 m29;2022-01-01T00:00+01:00;2022-02-01T00:00+01:00;2022;1;47;37;57;100,0;31;31;0;47;0,0;Totalt i retning Breivika VGS;-;-;-;-;-;-;-;-
95912B1818982;Breivika sykkel;EV8 S2D100 m29;2022-01-01T00:00+01:00;2022-02-01T00:00+01:00;2022;1;29;23;35;100,0;31;31;0;29;0,0;Totalt i retning Terjevika;-;-;-;-;-;-;-;-
95912B1818982;Breivika sykkel;EV8 S2D100 m29;2022-01-01T00:00+01:00;2022-02-01T00:00+01:00;2022;1;75;60;90;100,0;31;31;0;75;0,0;Totalt;-;-;-;-;-;-;-;-
95912B1818982;Breivika sykkel;EV8 S2D100 m29;2022-02-01T00:00+01:00;2022-03-01T00:00+01:00;2022;2;56;44;68;100,0;28;28;0;56;0,0;1;-;-;-;-;-;-;-;-
95912B1818982;Breivika sykkel;EV8 S2D100 m29;2022-02-01T00:00+01:00;2022-03-01T00:00+01:00;2022;2;36;29;43;100,0;28;28;0;36;0,0;2;-;-;-;-;-;-;-;-
95912B1818982;Breivika sykkel;EV8 S2D100 m29;2022-02-01T00:00+01:00;2022-03-01T00:00+01:00;2022;2;56;44;68;100,0;28;28;0;56;0,0;Totalt i retning Breivika VGS;-;-;-;-;-;-;-;-
95912B1818982;Breivika sykkel;EV8 S2D100 m29;2022-02-01T00:00+01:00;2022-03-01T00:00+01:00;2022;2;36;29;43;100,0;28;28;0;36;0,0;Totalt i retning Terjevika;-;-;-;-;-;-;-;-
95912B1818982;Breivika sykkel;EV8 S2D100 m29;2022-02-01T00:00+01:00;2022-03-01T00:00+01:00;2022;2;92;73;111;100,0;28;28;0;92;0,0;Totalt;-;-;-;-;-;-;-;-
95912B1818982;Breivika sykkel;EV8 S2D100 m29;2022-03-01T00:00+01:00;2022-04-01T00:00+02:00;2022;3;62;50;74;100,0;31;31;0;62;0,0;1;-;-;-;-;-;-;-;-
95912B1818982;Breivika sykkel;EV8 S2D100 m29;2022-03-01T00:00+01:00;2022-04-01T00:00+02:00;2022;3;52;42;62;100,0;31;31;0;52;0,0;2;-;-;-;-;-;-;-;-
95912B1818982;Breivika sykkel;EV8 S2D100 m29;2022-03-01T00:00+01:00;2022-04-01T00:00+02:00;2022;3;62;50;74;100,0;31;31;0;62;0,0;Totalt i retning Breivika VGS;-;-;-;-;-;-;-;-
95912B1818982;Breivika sykkel;EV8 S2D100 m29;2022-03-01T00:00+01:00;2022-04-01T00:00+02:00;2022;3;52;42;62;100,0;31;31;0;52;0,0;Totalt i retning Terjevika;-;-;-;-;-;-;-;-
95912B1818982;Breivika sykkel;EV8 S2D100 m29;2022-03-01T00:00+01:00;2022-04-01T00:00+02:00;2022;3;113;92;134;100,0;31;31;0;113;0,0;Totalt;-;-;-;-;-;-;-;-
95912B1818982;Breivika sykkel;EV8 S2D100 m29;2022-04-01T00:00+02:00;2022-05-01T00:00+02:00;2022;4;61;47;75;100,0;30;30;0;61;0,0;1;-;-;-;-;-;-;-;-
95912B1818982;Breivika sykkel;EV8 S2D100 m29;2022-04-01T00:00+02:00;2022-05-01T00:00+02:00;2022;4;58;44;72;100,0;30;30;0;58;0,0;2;-;-;-;-;-;-;-;-
95912B1818982;Breivika sykkel;EV8 S2D100 m29;2022-04-01T00:00+02:00;2022-05-01T00:00+02:00;2022;4;61;47;75;100,0;30;30;0;61;0,0;Totalt i retning Breivika VGS;-;-;-;-;-;-;-;-
95912B1818982;Breivika sykkel;EV8 S2D100 m29;2022-04-01T00:00+02:00;2022-05-01T00:00+02:00;2022;4;58;44;72;100,0;30;30;0;58;0,0;Totalt i retning Terjevika;-;-;-;-;-;-;-;-
95912B1818982;Breivika sykkel;EV8 S2D100 m29;2022-04-01T00:00+02:00;2022-05-01T00:00+02:00;2022;4;119;91;147;100,0;30;30;0;119;0,0;Totalt;-;-;-;-;-;-;-;-
95912B1818982;Breivika sykkel;EV8 S2D100 m29;2022-05-01T00:00+02:00;2022-06-01T00:00+02:00;2022;5;104;81;127;100,0;31;31;0;104;0,0;1;-;-;-;-;-;-;-;-
95912B1818982;Breivika sykkel;EV8 S2D100 m29;2022-05-01T00:00+02:00;2022-06-01T00:00+02:00;2022;5;95;74;116;100,0;31;31;0;95;0,0;2;-;-;-;-;-;-;-;-
95912B1818982;Breivika sykkel;EV8 S2D100 m29;2022-05-01T00:00+02:00;2022-06-01T00:00+02:00;2022;5;104;81;127;100,0;31;31;0;104;0,0;Totalt i retning Breivika VGS;-;-;-;-;-;-;-;-
95912B1818982;Breivika sykkel;EV8 S2D100 m29;2022-05-01T00:00+02:00;2022-06-01T00:00+02:00;2022;5;95;74;116;100,0;31;31;0;95;0,0;Totalt i retning Terjevika;-;-;-;-;-;-;-;-
95912B1818982;Breivika sykkel;EV8 S2D100 m29;2022-05-01T00:00+02:00;2022-06-01T00:00+02:00;2022;5;199;155;243;100,0;31;31;0;199;0,0;Totalt;-;-;-;-;-;-;-;-
95912B1818982;Breivika sykkel;EV8 S2D100 m29;2022-06-01T00:00+02:00;2022-07-01T00:00+02:00;2022;6;153;132;174;100,0;30;30;0;153;0,0;1;-;-;-;-;-;-;-;-
95912B1818982;Breivika sykkel;EV8 S2D100 m29;2022-06-01T00:00+02:00;2022-07-01T00:00+02:00;2022;6;143;121;165;100,0;30;30;0;143;0,0;2;-;-;-;-;-;-;-;-
95912B1818982;Breivika sykkel;EV8 S2D100 m29;2022-06-01T00:00+02:00;2022-07-01T00:00+02:00;2022;6;153;132;174;100,0;30;30;0;153;0,0;Totalt i retning Breivika VGS;-;-;-;-;-;-;-;-
95912B1818982;Breivika sykkel;EV8 S2D100 m29;2022-06-01T00:00+02:00;2022-07-01T00:00+02:00;2022;6;143;121;165;100,0;30;30;0;143;0,0;Totalt i retning Terjevika;-;-;-;-;-;-;-;-
95912B1818982;Breivika sykkel;EV8 S2D100 m29;2022-06-01T00:00+02:00;2022-07-01T00:00+02:00;2022;6;296;253;339;100,0;30;30;0;296;0,0;Totalt;-;-;-;-;-;-;-;-
95912B1818982;Breivika sykkel;EV8 S2D100 m29;2022-07-01T00:00+02:00;2022-08-01T00:00+02:00;2022;7;106;93;119;100,0;31;31;0;106;0,0;1;-;-;-;-;-;-;-;-
95912B1818982;Breivika sykkel;EV8 S2D100 m29;2022-07-01T00:00+02:00;2022-08-01T00:00+02:00;2022;7;93;80;106;100,0;31;31;0;93;0,0;2;-;-;-;-;-;-;-;-
95912B1818982;Breivika sykkel;EV8 S2D100 m29;2022-07-01T00:00+02:00;2022-08-01T00:00+02:00;2022;7;106;93;119;100,0;31;31;0;106;0,0;Totalt i retning Breivika VGS;-;-;-;-;-;-;-;-
95912B1818982;Breivika sykkel;EV8 S2D100 m29;2022-07-01T00:00+02:00;2022-08-01T00:00+02:00;2022;7;93;80;106;100,0;31;31;0;93;0,0;Totalt i retning Terjevika;-;-;-;-;-;-;-;-
95912B1818982;Breivika sykkel;EV8 S2D100 m29;2022-07-01T00:00+02:00;2022-08-01T00:00+02:00;2022;7;199;173;225;100,0;31;31;0;199;0,0;Totalt;-;-;-;-;-;-;-;-
95912B1818982;Breivika sykkel;EV8 S2D100 m29;2022-08-01T00:00+02:00;2022-09-01T00:00+02:00;2022;8;131;109;153;100,0;31;31;0;131;0,0;1;-;-;-;-;-;-;-;-
95912B1818982;Breivika sykkel;EV8 S2D100 m29;2022-08-01T00:00+02:00;2022-09-01T00:00+02:00;2022;8;117;97;137;100,0;31;31;0;117;0,0;2;-;-;-;-;-;-;-;-
95912B1818982;Breivika sykkel;EV8 S2D100 m29;2022-08-01T00:00+02:00;2022-09-01T00:00+02:00;2022;8;131;109;153;100,0;31;31;0;131;0,0;Totalt i retning Breivika VGS;-;-;-;-;-;-;-;-
95912B1818982;Breivika sykkel;EV8 S2D100 m29;2022-08-01T00:00+02:00;2022-09-01T00:00+02:00;2022;8;117;97;137;100,0;31;31;0;117;0,0;Totalt i retning Terjevika;-;-;-;-;-;-;-;-
95912B1818982;Breivika sykkel;EV8 S2D100 m29;2022-08-01T00:00+02:00;2022-09-01T00:00+02:00;2022;8;248;207;289;100,0;31;31;0;248;0,0;Totalt;-;-;-;-;-;-;-;-
95912B1818982;Breivika sykkel;EV8 S2D100 m29;2022-09-01T00:00+02:00;2022-10-01T00:00+02:00;2022;9;142;121;163;100,0;30;30;0;142;0,0;1;-;-;-;-;-;-;-;-
95912B1818982;Breivika sykkel;EV8 S2D100 m29;2022-09-01T00:00+02:00;2022-10-01T00:00+02:00;2022;9;126;106;146;100,0;30;30;0;126;0,0;2;-;-;-;-;-;-;-;-
95912B1818982;Breivika sykkel;EV8 S2D100 m29;2022-09-01T00:00+02:00;2022-10-01T00:00+02:00;2022;9;142;121;163;100,0;30;30;0;142;0,0;Totalt i retning Breivika VGS;-;-;-;-;-;-;-;-
95912B1818982;Breivika sykkel;EV8 S2D100 m29;2022-09-01T00:00+02:00;2022-10-01T00:00+02:00;2022;9;126;106;146;100,0;30;30;0;126;0,0;Totalt i retning Terjevika;-;-;-;-;-;-;-;-
95912B1818982;Breivika sykkel;EV8 S2D100 m29;2022-09-01T00:00+02:00;2022-10-01T00:00+02:00;2022;9;268;227;309;100,0;30;30;0;268;0,0;Totalt;-;-;-;-;-;-;-;-
95912B1818982;Breivika sykkel;EV8 S2D100 m29;2022-10-01T00:00+02:00;2022-11-01T00:00+01:00;2022;10;90;72;108;100,0;31;31;0;90;0,0;1;-;-;-;-;-;-;-;-
95912B1818982;Breivika sykkel;EV8 S2D100 m29;2022-10-01T00:00+02:00;2022-11-01T00:00+01:00;2022;10;78;62;94;100,0;31;31;0;78;0,0;2;-;-;-;-;-;-;-;-
95912B1818982;Breivika sykkel;EV8 S2D100 m29;2022-10-01T00:00+02:00;2022-11-01T00:00+01:00;2022;10;90;72;108;100,0;31;31;0;90;0,0;Totalt i retning Breivika VGS;-;-;-;-;-;-;-;-
95912B1818982;Breivika sykkel;EV8 S2D100 m29;2022-10-01T00:00+02:00;2022-11-01T00:00+01:00;2022;10;78;62;94;100,0;31;31;0;78;0,0;Totalt i retning Terjevika;-;-;-;-;-;-;-;-
95912B1818982;Breivika sykkel;EV8 S2D100 m29;2022-10-01T00:00+02:00;2022-11-01T00:00+01:00;2022;10;168;134;202;100,0;31;31;0;168;0,0;Totalt;-;-;-;-;-;-;-;-
95912B1818982;Breivika sykkel;EV8 S2D100 m29;2022-11-01T00:00+01:00;2022-12-01T00:00+01:00;2022;11;80;66;94;99,9;30;30;0;80;0,0;1;-;-;-;-;-;-;-;-
95912B1818982;Breivika sykkel;EV8 S2D100 m29;2022-11-01T00:00+01:00;2022-12-01T00:00+01:00;2022;11;69;57;81;99,9;30;30;0;69;0,0;2;-;-;-;-;-;-;-;-
95912B1818982;Breivika sykkel;EV8 S2D100 m29;2022-11-01T00:00+01:00;2022-12-01T00:00+01:00;2022;11;80;66;94;99,9;30;30;0;80;0,0;Totalt i retning Breivika VGS;-;-;-;-;-;-;-;-
95912B1818982;Breivika sykkel;EV8 S2D100 m29;2022-11-01T00:00+01:00;2022-12-01T00:00+01:00;2022;11;69;57;81;99,9;30;30;0;69;0,0;Totalt i retning Terjevika;-;-;-;-;-;-;-;-
95912B1818982;Breivika sykkel;EV8 S2D100 m29;2022-11-01T00:00+01:00;2022-12-01T00:00+01:00;2022;11;149;123;175;99,9;30;30;0;149;0,0;Totalt;-;-;-;-;-;-;-;-
95912B1818982;Breivika sykkel;EV8 S2D100 m29;2022-12-01T00:00+01:00;2023-01-01T00:00+01:00;2022;12;49;38;60;100,0;31;31;0;49;0,0;1;-;-;-;-;-;-;-;-
95912B1818982;Breivika sykkel;EV8 S2D100 m29;2022-12-01T00:00+01:00;2023-01-01T00:00+01:00;2022;12;42;33;51;100,0;31;31;0;42;0,0;2;-;-;-;-;-;-;-;-
95912B1818982;Breivika sykkel;EV8 S2D100 m29;2022-12-01T00:00+01:00;2023-01-01T00:00+01:00;2022;12;49;38;60;100,0;31;31;0;49;0,0;Totalt i retning Breivika VGS;-;-;-;-;-;-;-;-
95912B1818982;Breivika sykkel;EV8 S2D100 m29;2022-12-01T00:00+01:00;2023-01-01T00:00+01:00;2022;12;42;33;51;100,0;31;31;0;42;0,0;Totalt i retning Terjevika;-;-;-;-;-;-;-;-
95912B1818982;Breivika sykkel;EV8 S2D100 m29;2022-12-01T00:00+01:00;2023-01-01T00:00+01:00;2022;12;91;71;111;100,0;31;31;0;91;0,0;Totalt;-;-;-;-;-;-;-;-
95912B1818982;Breivika sykkel;EV8 S2D100 m29;2023-01-01T00:00+01:00;2023-02-01T00:00+01:00;2023;1;75;60;90;100,0;31;31;0;75;0,0;1;-;-;-;-;-;-;-;-
95912B1818982;Breivika sykkel;EV8 S2D100 m29;2023-01-01T00:00+01:00;2023-02-01T00:00+01:00;2023;1;52;42;62;100,0;31;31;0;52;0,0;2;-;-;-;-;-;-;-;-
95912B1818982;Breivika sykkel;EV8 S2D100 m29;2023-01-01T00:00+01:00;2023-02-01T00:00+01:00;2023;1;75;60;90;100,0;31;31;0;75;0,0;Totalt i retning Breivika VGS;-;-;-;-;-;-;-;-
95912B1818982;Breivika sykkel;EV8 S2D100 m29;2023-01-01T00:00+01:00;2023-02-01T00:00+01:00;2023;1;52;42;62;100,0;31;31;0;52;0,0;Totalt i retning Terjevika;-;-;-;-;-;-;-;-
95912B1818982;Breivika sykkel;EV8 S2D100 m29;2023-01-01T00:00+01:00;2023-02-01T00:00+01:00;2023;1;126;101;151;100,0;31;31;0;126;0,0;Totalt;-;-;-;-;-;-;-;-
95912B1818982;Breivika sykkel;EV8 S2D100 m29;2023-02-01T00:00+01:00;2023-03-01T00:00+01:00;2023;2;62;48;76;100,0;28;28;0;62;0,0;1;-;-;-;-;-;-;-;-
95912B1818982;Breivika sykkel;EV8 S2D100 m29;2023-02-01T00:00+01:00;2023-03-01T00:00+01:00;2023;2;47;37;57;100,0;28;28;0;47;0,0;2;-;-;-;-;-;-;-;-
95912B1818982;Breivika sykkel;EV8 S2D100 m29;2023-02-01T00:00+01:00;2023-03-01T00:00+01:00;2023;2;62;48;76;100,0;28;28;0;62;0,0;Totalt i retning Breivika VGS;-;-;-;-;-;-;-;-
95912B1818982;Breivika sykkel;EV8 S2D100 m29;2023-02-01T00:00+01:00;2023-03-01T00:00+01:00;2023;2;47;37;57;100,0;28;28;0;47;0,0;Totalt i retning Terjevika;-;-;-;-;-;-;-;-
95912B1818982;Breivika sykkel;EV8 S2D100 m29;2023-02-01T00:00+01:00;2023-03-01T00:00+01:00;2023;2;109;84;134;100,0;28;28;0;109;0,0;Totalt;-;-;-;-;-;-;-;-
95912B1818982;Breivika sykkel;EV8 S2D100 m29;2023-03-01T00:00+01:00;2023-04-01T00:00+02:00;2023;3;56;45;67;100,0;31;31;0;56;0,0;1;-;-;-;-;-;-;-;-
95912B1818982;Breivika sykkel;EV8 S2D100 m29;2023-03-01T00:00+01:00;2023-04-01T00:00+02:00;2023;3;26;20;32;100,0;31;31;0;26;0,0;2;-;-;-;-;-;-;-;-
95912B1818982;Breivika sykkel;EV8 S2D100 m29;2023-03-01T00:00+01:00;2023-04-01T00:00+02:00;2023;3;56;45;67;100,0;31;31;0;56;0,0;Totalt i retning Breivika VGS;-;-;-;-;-;-;-;-
95912B1818982;Breivika sykkel;EV8 S2D100 m29;2023-03-01T00:00+01:00;2023-04-01T00:00+02:00;2023;3;26;20;32;100,0;31;31;0;26;0,0;Totalt i retning Terjevika;-;-;-;-;-;-;-;-
95912B1818982;Breivika sykkel;EV8 S2D100 m29;2023-03-01T00:00+01:00;2023-04-01T00:00+02:00;2023;3;83;67;99;100,0;31;31;0;83;0,0;Totalt;-;-;-;-;-;-;-;-
95912B1818982;Breivika sykkel;EV8 S2D100 m29;2023-04-01T00:00+02:00;2023-05-01T00:00+02:00;2023;4;73;53;93;100,0;30;30;0;73;0,0;1;-;-;-;-;-;-;-;-
95912B1818982;Breivika sykkel;EV8 S2D100 m29;2023-04-01T00:00+02:00;2023-05-01T00:00+02:00;2023;4;65;46;84;100,0;30;30;0;65;0,0;2;-;-;-;-;-;-;-;-
95912B1818982;Breivika sykkel;EV8 S2D100 m29;2023-04-01T00:00+02:00;2023-05-01T00:00+02:00;2023;4;73;53;93;100,0;30;30;0;73;0,0;Totalt i retning Breivika VGS;-;-;-;-;-;-;-;-
95912B1818982;Breivika sykkel;EV8 S2D100 m29;2023-04-01T00:00+02:00;2023-05-01T00:00+02:00;2023;4;65;46;84;100,0;30;30;0;65;0,0;Totalt i retning Terjevika;-;-;-;-;-;-;-;-
95912B1818982;Breivika sykkel;EV8 S2D100 m29;2023-04-01T00:00+02:00;2023-05-01T00:00+02:00;2023;4;137;98;176;100,0;30;30;0;137;0,0;Totalt;-;-;-;-;-;-;-;-